time, util
0, 0.998511
1, 0.981228
2, 0.979005
3, 0.977981
4, 0.97566
5, 0.975446
6, 0.974043
7, 0.974707
8, 0.974063
9, 0.973186
10, 0.972983
11, 0.973152
12, 0.972606
13, 0.972664
14, 0.972877
15, 0.972787
16, 0.972727
17, 0.972462
18, 0.972414
19, 0.972055
20, 0.972296
21, 0.971955
22, 0.972216
23, 0.971896
24, 0.971932
25, 0.971942
26, 0.971935
27, 0.971981
28, 0.971974
29, 0.97174
30, 0.972023
31, 0.971648
32, 0.971897
33, 0.971852
34, 0.971785
35, 0.971898
36, 0.97166
37, 0.971754
38, 0.971754
39, 0.971754
40, 0.971754
41, 0.971754
42, 0.971754
43, 0.971754
44, 0.971754
45, 0.971754
46, 0.971754
47, 0.21824
48, 0.219653
49, 0.220791
50, 0.221916
51, 0.223091
52, 0.22403
53, 0.225239
54, 0.226634
55, 0.227767
56, 0.228844
57, 0.230275
58, 0.231576
59, 0.232929
60, 0.234212
61, 0.235144
62, 0.236351
63, 0.237537
64, 0.238936
65, 0.240048
66, 0.241516
67, 0.242816
68, 0.24418
69, 0.245322
70, 0.246514
71, 0.247893
72, 0.249368
73, 0.250705
74, 0.251862
75, 0.25348
76, 0.25471
77, 0.256253
78, 0.257457
79, 0.258461
80, 0.25959
81, 0.261009
82, 0.262332
83, 0.26355
84, 0.264739
85, 0.265884
86, 0.267325
87, 0.268742
88, 0.270049
89, 0.27135
90, 0.272619
91, 0.273976
92, 0.275359
93, 0.276511
94, 0.27797
95, 0.279758
96, 0.280882
97, 0.282304
98, 0.283683
99, 0.284837
100, 0.286419
101, 0.287522
102, 0.288546
103, 0.289843
104, 0.291031
105, 0.292419
106, 0.293662
107, 0.294911
108, 0.296253
109, 0.297448
110, 0.298968
111, 0.300367
112, 0.301622
113, 0.302981
114, 0.304582
115, 0.305797
116, 0.307679
117, 0.309027
118, 0.310265
119, 0.31164
120, 0.313457
121, 0.315088
122, 0.31666
123, 0.318282
124, 0.319777
125, 0.321193
126, 0.322488
127, 0.323882
128, 0.3254
129, 0.326936
130, 0.328235
131, 0.329656
132, 0.331099
133, 0.332717
134, 0.333977
135, 0.335382
136, 0.336762
137, 0.338144
138, 0.339579
139, 0.340957
140, 0.342606
141, 0.344032
142, 0.345456
143, 0.34704
144, 0.348354
145, 0.350154
146, 0.351844
147, 0.352989
148, 0.354363
149, 0.35584
150, 0.357273
151, 0.358836
152, 0.36039
153, 0.361872
154, 0.363515
155, 0.365405
156, 0.366737
157, 0.368074
158, 0.369573
159, 0.371192
160, 0.372733
161, 0.374619
162, 0.376101
163, 0.377633
164, 0.379232
165, 0.381033
166, 0.382752
167, 0.384228
168, 0.38546
169, 0.386899
170, 0.38866
171, 0.390268
172, 0.392034
173, 0.393873
174, 0.395356
175, 0.396931
176, 0.398722
177, 0.400452
178, 0.401979
179, 0.40376
180, 0.405633
181, 0.407105
182, 0.408889
183, 0.410505
184, 0.412601
185, 0.414329
186, 0.416001
187, 0.418136
188, 0.419303
189, 0.42072
190, 0.4225
191, 0.42456
192, 0.426774
193, 0.428203
194, 0.430082
195, 0.431747
196, 0.43374
197, 0.435834
198, 0.437563
199, 0.439381
200, 0.441253
201, 0.443213
202, 0.444878
203, 0.446964
204, 0.448822
205, 0.450521
206, 0.452501
207, 0.454314
208, 0.45619
209, 0.458014
210, 0.460074
211, 0.46186
212, 0.4641
213, 0.465732
214, 0.467393
215, 0.469101
216, 0.47064
217, 0.472807
218, 0.474606
219, 0.476652
220, 0.478642
221, 0.480484
222, 0.482534
223, 0.484807
224, 0.486916
225, 0.489165
226, 0.491126
227, 0.49309
228, 0.495177
229, 0.49728
230, 0.499077
231, 0.501019
232, 0.503048
233, 0.505162
234, 0.507142
235, 0.509071
236, 0.511275
237, 0.513404
238, 0.515201
239, 0.517131
240, 0.519259
241, 0.52141
242, 0.523226
243, 0.525394
244, 0.527285
245, 0.529675
246, 0.53206
247, 0.534286
248, 0.536312
249, 0.538938
250, 0.541491
251, 0.543777
252, 0.545911
253, 0.548165
254, 0.550498
255, 0.552979
256, 0.555339
257, 0.557618
258, 0.559911
259, 0.562464
260, 0.564997
261, 0.567029
262, 0.569727
263, 0.572409
264, 0.574678
265, 0.577172
266, 0.579598
267, 0.581608
268, 0.58409
269, 0.586936
270, 0.589843
271, 0.59235
272, 0.595278
273, 0.598083
274, 0.600933
275, 0.603343
276, 0.60566
277, 0.60803
278, 0.610643
279, 0.61363
280, 0.616436
281, 0.619223
282, 0.621863
283, 0.624376
284, 0.627073
285, 0.629669
286, 0.632572
287, 0.635597
288, 0.638055
289, 0.640849
290, 0.643694
291, 0.64626
292, 0.64898
293, 0.651944
294, 0.655206
295, 0.657891
296, 0.660631
297, 0.664156
298, 0.667169
299, 0.670251
300, 0.672808
301, 0.675848
302, 0.679062
303, 0.682311
304, 0.685438
305, 0.68893
306, 0.692329
307, 0.695847
308, 0.699325
309, 0.702941
310, 0.706433
311, 0.70941
312, 0.712428
313, 0.714986
314, 0.718246
315, 0.721923
316, 0.725759
317, 0.729205
318, 0.732858
319, 0.736217
320, 0.740074
321, 0.743935
322, 0.747715
323, 0.75219
324, 0.756292
325, 0.760312
326, 0.764482
327, 0.768494
328, 0.773296
329, 0.777895
330, 0.782481
331, 0.786878
332, 0.791235
333, 0.795594
334, 0.800577
335, 0.805256
336, 0.809952
337, 0.814606
338, 0.819604
339, 0.825265
340, 0.83043
341, 0.836473
342, 0.842565
343, 0.847962
344, 0.854308
345, 0.859958
346, 0.866341
347, 0.872119
348, 0.878326
349, 0.88443
350, 0.891067
351, 0.897844
352, 0.904752
353, 0.911446
354, 0.918796
355, 0.925783
356, 0.933486
357, 0.941406
358, 0.949279
359, 0.957201
360, 0.964901
361, 0.968553
362, 0.968532
363, 0.96853
364, 0.96853
365, 0.96853
366, 0.96853
367, 0.96853
368, 0.96853
369, 0.96853
370, 0.96853
371, 0.96853
372, 0.96853
373, 0.215897
374, 0.216985
375, 0.218018
376, 0.21861
377, 0.21947
378, 0.220726
379, 0.221854
380, 0.222856
381, 0.223829
382, 0.224718
383, 0.225466
384, 0.226487
385, 0.227418
386, 0.228371
387, 0.229206
388, 0.230368
389, 0.231226
390, 0.232362
391, 0.233316
392, 0.234591
393, 0.235555
394, 0.236697
395, 0.237795
396, 0.238803
397, 0.239901
398, 0.241114
399, 0.242035
400, 0.243363
401, 0.244385
402, 0.245361
403, 0.24632
404, 0.247391
405, 0.248541
406, 0.249614
407, 0.250734
408, 0.251901
409, 0.25293
410, 0.253822
411, 0.254749
412, 0.255931
413, 0.257125
414, 0.258215
415, 0.259338
416, 0.260661
417, 0.26168
418, 0.263006
419, 0.264301
420, 0.265368
421, 0.266662
422, 0.268117
423, 0.269245
424, 0.270421
425, 0.271644
426, 0.272911
427, 0.273977
428, 0.275243
429, 0.276346
430, 0.277558
431, 0.278661
432, 0.279604
433, 0.280794
434, 0.282015
435, 0.283087
436, 0.284287
437, 0.285591
438, 0.286904
439, 0.28795
440, 0.288959
441, 0.290265
442, 0.291781
443, 0.293103
444, 0.29418
445, 0.295276
446, 0.296703
447, 0.297767
448, 0.299355
449, 0.300637
450, 0.302064
451, 0.303554
452, 0.304935
453, 0.306237
454, 0.307417
455, 0.308643
456, 0.309749
457, 0.310879
458, 0.312388
459, 0.313596
460, 0.314738
461, 0.316081
462, 0.317458
463, 0.318874
464, 0.320127
465, 0.321318
466, 0.32275
467, 0.323946
468, 0.325099
469, 0.326683
470, 0.327795
471, 0.329654
472, 0.331341
473, 0.332642
474, 0.334151
475, 0.335487
476, 0.336819
477, 0.338504
478, 0.339903
479, 0.341344
480, 0.342723
481, 0.344154
482, 0.345532
483, 0.34682
484, 0.348201
485, 0.349715
486, 0.351278
487, 0.352969
488, 0.354694
489, 0.356341
490, 0.357607
491, 0.358822
492, 0.360611
493, 0.362189
494, 0.363818
495, 0.364937
496, 0.36652
497, 0.367922
498, 0.369376
499, 0.37091
500, 0.372599
501, 0.373897
502, 0.375442
503, 0.376621
504, 0.377992
505, 0.379367
506, 0.380732
507, 0.382407
508, 0.383979
509, 0.38542
510, 0.386605
511, 0.388053
512, 0.389683
513, 0.391134
514, 0.39271
515, 0.394159
516, 0.395941
517, 0.397473
518, 0.399263
519, 0.400631
520, 0.402375
521, 0.403763
522, 0.405481
523, 0.407154
524, 0.408769
525, 0.410337
526, 0.411957
527, 0.413666
528, 0.415297
529, 0.416825
530, 0.418412
531, 0.420149
532, 0.422186
533, 0.423307
534, 0.424806
535, 0.426273
536, 0.42809
537, 0.42992
538, 0.431911
539, 0.433304
540, 0.435258
541, 0.436954
542, 0.438856
543, 0.440497
544, 0.441798
545, 0.443254
546, 0.444959
547, 0.44688
548, 0.449167
549, 0.450798
550, 0.452177
551, 0.453889
552, 0.455716
553, 0.457397
554, 0.459181
555, 0.461246
556, 0.463001
557, 0.464452
558, 0.466533
559, 0.468774
560, 0.470951
561, 0.472734
562, 0.4748
563, 0.476563
564, 0.478524
565, 0.480267
566, 0.482597
567, 0.484338
568, 0.486697
569, 0.488548
570, 0.490421
571, 0.492397
572, 0.494371
573, 0.496641
574, 0.49864
575, 0.500818
576, 0.502904
577, 0.504769
578, 0.506896
579, 0.508534
580, 0.510375
581, 0.512037
582, 0.514398
583, 0.516871
584, 0.518725
585, 0.520717
586, 0.522752
587, 0.524688
588, 0.526911
589, 0.529299
590, 0.531573
591, 0.533772
592, 0.536321
593, 0.538412
594, 0.540387
595, 0.542406
596, 0.54478
597, 0.54714
598, 0.54908
599, 0.551288
600, 0.553633
601, 0.556092
602, 0.5586
603, 0.560828
604, 0.563271
605, 0.565633
606, 0.567732
607, 0.570198
608, 0.572489
609, 0.574719
610, 0.576992
611, 0.579114
612, 0.581712
613, 0.584232
614, 0.586565
615, 0.588963
616, 0.591347
617, 0.59386
618, 0.596292
619, 0.598556
620, 0.601401
621, 0.603749
622, 0.606132
623, 0.608927
624, 0.611362
625, 0.613904
626, 0.61637
627, 0.618846
628, 0.621487
629, 0.624043
630, 0.626568
631, 0.628984
632, 0.631776
633, 0.634555
634, 0.637251
635, 0.64025
636, 0.642829
637, 0.645728
638, 0.648723
639, 0.651793
640, 0.654794
641, 0.657673
642, 0.660913
643, 0.663487
644, 0.666189
645, 0.669385
646, 0.672476
647, 0.675635
648, 0.678652
649, 0.681789
650, 0.684918
651, 0.687449
652, 0.689952
653, 0.693201
654, 0.69668
655, 0.699922
656, 0.703584
657, 0.70691
658, 0.710373
659, 0.713747
660, 0.717469
661, 0.72117
662, 0.725233
663, 0.728993
664, 0.732103
665, 0.73565
666, 0.739676
667, 0.74373
668, 0.747538
669, 0.751395
670, 0.755721
671, 0.760056
672, 0.764601
673, 0.768599
674, 0.77279
675, 0.77742
676, 0.782081
677, 0.786787
678, 0.79089
679, 0.795405
680, 0.800172
681, 0.805033
682, 0.809455
683, 0.813944
684, 0.818713
685, 0.823825
686, 0.829148
687, 0.834285
688, 0.839605
689, 0.844837
690, 0.849886
691, 0.85596
692, 0.861729
693, 0.867773
694, 0.873767
695, 0.880089
696, 0.886459
697, 0.892983
698, 0.899151
699, 0.905975
700, 0.912656
701, 0.919572
702, 0.927158
703, 0.934165
704, 0.942069
705, 0.949144
706, 0.95687
707, 0.964437
708, 0.967926
709, 0.967926
710, 0.967926
711, 0.967926
712, 0.967926
713, 0.967926
714, 0.967926
715, 0.967926
716, 0.967926
717, 0.967926
718, 0.219874
719, 0.220935
720, 0.221892
721, 0.223031
722, 0.223977
723, 0.225001
724, 0.225961
725, 0.227112
726, 0.228237
727, 0.228906
728, 0.230019
729, 0.230954
730, 0.231942
731, 0.233052
732, 0.233889
733, 0.234864
734, 0.235859
735, 0.236616
736, 0.237917
737, 0.239049
738, 0.240156
739, 0.241277
740, 0.242273
741, 0.243384
742, 0.244429
743, 0.245386
744, 0.246649
745, 0.247656
746, 0.248807
747, 0.250296
748, 0.251129
749, 0.252333
750, 0.253601
751, 0.254466
752, 0.255417
753, 0.256717
754, 0.257628
755, 0.258818
756, 0.259948
757, 0.261272
758, 0.262536
759, 0.263496
760, 0.264925
761, 0.26624
762, 0.2674
763, 0.268553
764, 0.269806
765, 0.271025
766, 0.272167
767, 0.273412
768, 0.27454
769, 0.275658
770, 0.276703
771, 0.277838
772, 0.279092
773, 0.280367
774, 0.281537
775, 0.2828
776, 0.283969
777, 0.284987
778, 0.286002
779, 0.287409
780, 0.288836
781, 0.289936
782, 0.291151
783, 0.292046
784, 0.293083
785, 0.294399
786, 0.295826
787, 0.296911
788, 0.298247
789, 0.299421
790, 0.300333
791, 0.301869
792, 0.303301
793, 0.304208
794, 0.30535
795, 0.306507
796, 0.307526
797, 0.308949
798, 0.310286
799, 0.311292
800, 0.312436
801, 0.313544
802, 0.314874
803, 0.316197
804, 0.317529
805, 0.31879
806, 0.320054
807, 0.321325
808, 0.322502
809, 0.323749
810, 0.325141
811, 0.326539
812, 0.328098
813, 0.329313
814, 0.330635
815, 0.331867
816, 0.333248
817, 0.334689
818, 0.336219
819, 0.337409
820, 0.338983
821, 0.340455
822, 0.341768
823, 0.343045
824, 0.344156
825, 0.34555
826, 0.346916
827, 0.34839
828, 0.349738
829, 0.35119
830, 0.352505
831, 0.354319
832, 0.355965
833, 0.357367
834, 0.358944
835, 0.360109
836, 0.361439
837, 0.362797
838, 0.364349
839, 0.365553
840, 0.366963
841, 0.368537
842, 0.370117
843, 0.371851
844, 0.373052
845, 0.374939
846, 0.376714
847, 0.378062
848, 0.379553
849, 0.381254
850, 0.382769
851, 0.384079
852, 0.385385
853, 0.386776
854, 0.388297
855, 0.389789
856, 0.39132
857, 0.392862
858, 0.394747
859, 0.396461
860, 0.398165
861, 0.399611
862, 0.401416
863, 0.403034
864, 0.404603
865, 0.406034
866, 0.407678
867, 0.4092
868, 0.411081
869, 0.412918
870, 0.414413
871, 0.41623
872, 0.417972
873, 0.419522
874, 0.421395
875, 0.423147
876, 0.424814
877, 0.426398
878, 0.428199
879, 0.429947
880, 0.431825
881, 0.433384
882, 0.435142
883, 0.436884
884, 0.438323
885, 0.439901
886, 0.441636
887, 0.443147
888, 0.444931
889, 0.446904
890, 0.448669
891, 0.450303
892, 0.452071
893, 0.453641
894, 0.455273
895, 0.457132
896, 0.458564
897, 0.460293
898, 0.462117
899, 0.463729
900, 0.465756
901, 0.467708
902, 0.469287
903, 0.471403
904, 0.473165
905, 0.474955
906, 0.476849
907, 0.478731
908, 0.480557
909, 0.482113
910, 0.484059
911, 0.48533
912, 0.487034
913, 0.48902
914, 0.49117
915, 0.492981
916, 0.495212
917, 0.496949
918, 0.498714
919, 0.500763
920, 0.502752
921, 0.504908
922, 0.507032
923, 0.509439
924, 0.511598
925, 0.513804
926, 0.515901
927, 0.518416
928, 0.520591
929, 0.522292
930, 0.524304
931, 0.526451
932, 0.528401
933, 0.530181
934, 0.531917
935, 0.533864
936, 0.536408
937, 0.538862
938, 0.540942
939, 0.543265
940, 0.545476
941, 0.547703
942, 0.549743
943, 0.552167
944, 0.553918
945, 0.556205
946, 0.558508
947, 0.560677
948, 0.562636
949, 0.564944
950, 0.567541
951, 0.56962
952, 0.571791
953, 0.57414
954, 0.576482
955, 0.578676
956, 0.581268
957, 0.583529
958, 0.585947
959, 0.588388
960, 0.590389
961, 0.593033
962, 0.595535
963, 0.598168
964, 0.600902
965, 0.603418
966, 0.605719
967, 0.608472
968, 0.611052
969, 0.613773
970, 0.616619
971, 0.619256
972, 0.621536
973, 0.623956
974, 0.626539
975, 0.629104
976, 0.63154
977, 0.634307
978, 0.637378
979, 0.640139
980, 0.642916
981, 0.645567
982, 0.648081
983, 0.651082
984, 0.653775
985, 0.656693
986, 0.659337
987, 0.66231
988, 0.665689
989, 0.668724
990, 0.671721
991, 0.67474
992, 0.678013
993, 0.681147
994, 0.684254
995, 0.687363
996, 0.690839
997, 0.694049
998, 0.697153
999, 0.700512
1000, 0.703915
1001, 0.70726
1002, 0.710666
1003, 0.713204
1004, 0.7165
1005, 0.720157
1006, 0.723509
1007, 0.726792
1008, 0.729849
1009, 0.73402
1010, 0.737778
1011, 0.741705
1012, 0.744795
1013, 0.748508
1014, 0.752589
1015, 0.756321
1016, 0.75993
1017, 0.76388
1018, 0.768125
1019, 0.772575
1020, 0.776056
1021, 0.779493
1022, 0.783794
1023, 0.787968
1024, 0.792209
1025, 0.796601
1026, 0.800963
1027, 0.805429
1028, 0.810514
1029, 0.815226
1030, 0.819491
1031, 0.824152
1032, 0.829192
1033, 0.833883
1034, 0.838841
1035, 0.843616
1036, 0.848794
1037, 0.853694
1038, 0.859219
1039, 0.864898
1040, 0.870568
1041, 0.87612
1042, 0.881809
1043, 0.887661
1044, 0.893918
1045, 0.899513
1046, 0.905347
1047, 0.911714
1048, 0.917807
1049, 0.923972
1050, 0.930415
1051, 0.93749
1052, 0.944494
1053, 0.951375
1054, 0.957904
1055, 0.964941
1056, 0.964941
1057, 0.964941
1058, 0.964941
1059, 0.964941
1060, 0.964941
1061, 0.964941
1062, 0.964941
1063, 0.964941
1064, 0.964941
1065, 0.964941
1066, 0.217981
1067, 0.218842
1068, 0.219828
1069, 0.220895
1070, 0.221875
1071, 0.22287
1072, 0.223585
1073, 0.224573
1074, 0.225667
1075, 0.226717
1076, 0.227706
1077, 0.228289
1078, 0.229197
1079, 0.230122
1080, 0.2313
1081, 0.232274
1082, 0.233188
1083, 0.234343
1084, 0.235507
1085, 0.23674
1086, 0.237628
1087, 0.238543
1088, 0.239845
1089, 0.240989
1090, 0.241976
1091, 0.243048
1092, 0.244028
1093, 0.245001
1094, 0.246205
1095, 0.247311
1096, 0.248314
1097, 0.249279
1098, 0.250639
1099, 0.251505
1100, 0.252442
1101, 0.253362
1102, 0.254574
1103, 0.255663
1104, 0.256766
1105, 0.25811
1106, 0.259271
1107, 0.260369
1108, 0.261242
1109, 0.262085
1110, 0.263089
1111, 0.264017
1112, 0.2648
1113, 0.265718
1114, 0.266835
1115, 0.267754
1116, 0.26878
1117, 0.269854
1118, 0.270909
1119, 0.271942
1120, 0.27287
1121, 0.273876
1122, 0.274981
1123, 0.276062
1124, 0.277098
1125, 0.278132
1126, 0.279193
1127, 0.280275
1128, 0.281375
1129, 0.282239
1130, 0.283406
1131, 0.28409
1132, 0.284996
1133, 0.286136
1134, 0.287261
1135, 0.288521
1136, 0.289851
1137, 0.290779
1138, 0.291743
1139, 0.292813
1140, 0.294102
1141, 0.295253
1142, 0.296564
1143, 0.297804
1144, 0.299161
1145, 0.300187
1146, 0.301386
1147, 0.30261
1148, 0.303769
1149, 0.304955
1150, 0.305862
1151, 0.306917
1152, 0.308126
1153, 0.309265
1154, 0.310636
1155, 0.311825
1156, 0.312847
1157, 0.314106
1158, 0.315436
1159, 0.316841
1160, 0.318092
1161, 0.319334
1162, 0.320735
1163, 0.322186
1164, 0.323514
1165, 0.324687
1166, 0.325748
1167, 0.327209
1168, 0.328477
1169, 0.329932
1170, 0.331326
1171, 0.332959
1172, 0.334162
1173, 0.335528
1174, 0.336527
1175, 0.337913
1176, 0.339073
1177, 0.340424
1178, 0.341773
1179, 0.342829
1180, 0.344264
1181, 0.345585
1182, 0.346906
1183, 0.348494
1184, 0.349926
1185, 0.35101
1186, 0.352489
1187, 0.353904
1188, 0.355078
1189, 0.356477
1190, 0.357743
1191, 0.358929
1192, 0.360225
1193, 0.361731
1194, 0.363262
1195, 0.364436
1196, 0.366126
1197, 0.367574
1198, 0.368913
1199, 0.37076
1200, 0.372135
1201, 0.373497
1202, 0.375201
1203, 0.376825
1204, 0.378593
1205, 0.380238
1206, 0.381706
1207, 0.383399
1208, 0.384952
1209, 0.386824
1210, 0.388147
1211, 0.389721
1212, 0.391104
1213, 0.392398
1214, 0.393958
1215, 0.395532
1216, 0.397419
1217, 0.399014
1218, 0.400503
1219, 0.402253
1220, 0.403648
1221, 0.405246
1222, 0.40691
1223, 0.408383
1224, 0.410098
1225, 0.411658
1226, 0.413012
1227, 0.41473
1228, 0.416287
1229, 0.417804
1230, 0.419126
1231, 0.420548
1232, 0.42235
1233, 0.424212
1234, 0.425852
1235, 0.42752
1236, 0.429292
1237, 0.431151
1238, 0.432627
1239, 0.434779
1240, 0.436403
1241, 0.438108
1242, 0.439999
1243, 0.441745
1244, 0.443558
1245, 0.445194
1246, 0.446741
1247, 0.448666
1248, 0.450478
1249, 0.452359
1250, 0.454081
1251, 0.456116
1252, 0.457908
1253, 0.459735
1254, 0.461601
1255, 0.463148
1256, 0.464739
1257, 0.466608
1258, 0.468522
1259, 0.470329
1260, 0.472169
1261, 0.4738
1262, 0.475949
1263, 0.477723
1264, 0.479481
1265, 0.481429
1266, 0.483405
1267, 0.485506
1268, 0.487513
1269, 0.489495
1270, 0.491937
1271, 0.4938
1272, 0.495549
1273, 0.4974
1274, 0.499498
1275, 0.501002
1276, 0.502871
1277, 0.504761
1278, 0.506886
1279, 0.50904
1280, 0.511342
1281, 0.513601
1282, 0.515599
1283, 0.517751
1284, 0.519463
1285, 0.52157
1286, 0.523379
1287, 0.525359
1288, 0.527728
1289, 0.529796
1290, 0.53195
1291, 0.534353
1292, 0.536792
1293, 0.538853
1294, 0.54076
1295, 0.542497
1296, 0.544624
1297, 0.546871
1298, 0.549082
1299, 0.551729
1300, 0.55405
1301, 0.556123
1302, 0.558502
1303, 0.560475
1304, 0.562529
1305, 0.565016
1306, 0.567485
1307, 0.569953
1308, 0.572558
1309, 0.574843
1310, 0.577745
1311, 0.580245
1312, 0.582314
1313, 0.58465
1314, 0.586939
1315, 0.589584
1316, 0.592003
1317, 0.594478
1318, 0.596979
1319, 0.59943
1320, 0.601997
1321, 0.60446
1322, 0.606987
1323, 0.610006
1324, 0.612733
1325, 0.615068
1326, 0.617822
1327, 0.620513
1328, 0.623393
1329, 0.626373
1330, 0.629448
1331, 0.63217
1332, 0.635329
1333, 0.63828
1334, 0.64136
1335, 0.644103
1336, 0.647168
1337, 0.649908
1338, 0.652759
1339, 0.655607
1340, 0.658589
1341, 0.661335
1342, 0.664434
1343, 0.667395
1344, 0.670476
1345, 0.673504
1346, 0.676173
1347, 0.679329
1348, 0.682864
1349, 0.686086
1350, 0.689579
1351, 0.693036
1352, 0.696649
1353, 0.700103
1354, 0.703634
1355, 0.70753
1356, 0.71095
1357, 0.715018
1358, 0.718543
1359, 0.721952
1360, 0.725456
1361, 0.728623
1362, 0.732464
1363, 0.736328
1364, 0.739981
1365, 0.743567
1366, 0.747654
1367, 0.751659
1368, 0.756031
1369, 0.760146
1370, 0.764189
1371, 0.768177
1372, 0.773157
1373, 0.777421
1374, 0.781626
1375, 0.78623
1376, 0.791127
1377, 0.795917
1378, 0.800825
1379, 0.805805
1380, 0.810837
1381, 0.816118
1382, 0.821706
1383, 0.826624
1384, 0.831586
1385, 0.837011
1386, 0.842899
1387, 0.848313
1388, 0.853553
1389, 0.858813
1390, 0.864895
1391, 0.870557
1392, 0.876345
1393, 0.882295
1394, 0.888865
1395, 0.895542
1396, 0.901925
1397, 0.907659
1398, 0.91294
1399, 0.919465
1400, 0.926289
1401, 0.933056
1402, 0.940337
1403, 0.947683
1404, 0.955766
1405, 0.962029
1406, 0.962029
1407, 0.962029
1408, 0.962029
1409, 0.962029
1410, 0.962029
1411, 0.962029
1412, 0.962029
1413, 0.962029
1414, 0.962029
1415, 0.962029
1416, 0.213314
1417, 0.214219
1418, 0.215075
1419, 0.216026
1420, 0.217019
1421, 0.217958
1422, 0.219157
1423, 0.220078
1424, 0.221169
1425, 0.221928
1426, 0.222837
1427, 0.22384
1428, 0.224983
1429, 0.226084
1430, 0.227165
1431, 0.228422
1432, 0.229371
1433, 0.230323
1434, 0.231505
1435, 0.232279
1436, 0.233516
1437, 0.234349
1438, 0.235388
1439, 0.236725
1440, 0.237837
1441, 0.23889
1442, 0.240403
1443, 0.241698
1444, 0.242809
1445, 0.243874
1446, 0.244753
1447, 0.245883
1448, 0.247194
1449, 0.248208
1450, 0.24909
1451, 0.249975
1452, 0.250958
1453, 0.252248
1454, 0.253304
1455, 0.254415
1456, 0.255614
1457, 0.256724
1458, 0.257631
1459, 0.258621
1460, 0.259674
1461, 0.260819
1462, 0.261856
1463, 0.262891
1464, 0.264326
1465, 0.265232
1466, 0.266282
1467, 0.267453
1468, 0.268433
1469, 0.269604
1470, 0.270606
1471, 0.271971
1472, 0.273257
1473, 0.2746
1474, 0.27593
1475, 0.277021
1476, 0.278379
1477, 0.279585
1478, 0.280846
1479, 0.281957
1480, 0.283144
1481, 0.284449
1482, 0.285688
1483, 0.286962
1484, 0.288237
1485, 0.289357
1486, 0.29038
1487, 0.291802
1488, 0.293347
1489, 0.294265
1490, 0.295725
1491, 0.29711
1492, 0.298213
1493, 0.29946
1494, 0.300711
1495, 0.302112
1496, 0.303577
1497, 0.304804
1498, 0.306417
1499, 0.308146
1500, 0.309822
1501, 0.310934
1502, 0.312335
1503, 0.313606
1504, 0.314722
1505, 0.316228
1506, 0.317893
1507, 0.319004
1508, 0.32064
1509, 0.322217
1510, 0.323663
1511, 0.325177
1512, 0.326366
1513, 0.327533
1514, 0.328919
1515, 0.33035
1516, 0.33158
1517, 0.333229
1518, 0.334601
1519, 0.336099
1520, 0.337664
1521, 0.33909
1522, 0.340543
1523, 0.341694
1524, 0.343339
1525, 0.344848
1526, 0.346276
1527, 0.347618
1528, 0.349218
1529, 0.350691
1530, 0.351918
1531, 0.353449
1532, 0.354704
1533, 0.356166
1534, 0.357746
1535, 0.358816
1536, 0.360504
1537, 0.362126
1538, 0.363654
1539, 0.365324
1540, 0.366623
1541, 0.368061
1542, 0.369698
1543, 0.371404
1544, 0.373039
1545, 0.374591
1546, 0.375748
1547, 0.377428
1548, 0.378827
1549, 0.380625
1550, 0.382183
1551, 0.38401
1552, 0.385629
1553, 0.387005
1554, 0.388523
1555, 0.390328
1556, 0.392051
1557, 0.393727
1558, 0.395375
1559, 0.396849
1560, 0.398579
1561, 0.400108
1562, 0.401488
1563, 0.40296
1564, 0.404864
1565, 0.406451
1566, 0.408253
1567, 0.409488
1568, 0.411136
1569, 0.412627
1570, 0.414415
1571, 0.416339
1572, 0.417862
1573, 0.419604
1574, 0.42119
1575, 0.422873
1576, 0.424801
1577, 0.426204
1578, 0.427986
1579, 0.429597
1580, 0.431596
1581, 0.433515
1582, 0.43546
1583, 0.437688
1584, 0.439459
1585, 0.441046
1586, 0.442693
1587, 0.444705
1588, 0.446088
1589, 0.447791
1590, 0.449627
1591, 0.452036
1592, 0.453781
1593, 0.455798
1594, 0.457702
1595, 0.459641
1596, 0.461671
1597, 0.463482
1598, 0.465524
1599, 0.467127
1600, 0.46889
1601, 0.470716
1602, 0.472357
1603, 0.47424
1604, 0.476091
1605, 0.477829
1606, 0.479884
1607, 0.482121
1608, 0.48432
1609, 0.48613
1610, 0.48818
1611, 0.49037
1612, 0.492281
1613, 0.494426
1614, 0.496336
1615, 0.498081
1616, 0.500006
1617, 0.502077
1618, 0.504207
1619, 0.506375
1620, 0.508484
1621, 0.51034
1622, 0.512234
1623, 0.514551
1624, 0.516583
1625, 0.518616
1626, 0.520588
1627, 0.522437
1628, 0.524995
1629, 0.527426
1630, 0.529596
1631, 0.531447
1632, 0.533606
1633, 0.535989
1634, 0.537848
1635, 0.539722
1636, 0.541549
1637, 0.543588
1638, 0.54563
1639, 0.54781
1640, 0.549648
1641, 0.551817
1642, 0.553868
1643, 0.556043
1644, 0.558311
1645, 0.560351
1646, 0.562431
1647, 0.564836
1648, 0.567182
1649, 0.569802
1650, 0.572061
1651, 0.574832
1652, 0.577139
1653, 0.579869
1654, 0.582413
1655, 0.584752
1656, 0.587258
1657, 0.590072
1658, 0.592412
1659, 0.594754
1660, 0.597585
1661, 0.599926
1662, 0.602745
1663, 0.605236
1664, 0.608031
1665, 0.61084
1666, 0.613221
1667, 0.616017
1668, 0.618795
1669, 0.621739
1670, 0.624687
1671, 0.627276
1672, 0.630133
1673, 0.633236
1674, 0.635952
1675, 0.638545
1676, 0.641348
1677, 0.644138
1678, 0.647118
1679, 0.650198
1680, 0.653651
1681, 0.656958
1682, 0.659616
1683, 0.663048
1684, 0.665989
1685, 0.669102
1686, 0.672365
1687, 0.675426
1688, 0.678605
1689, 0.681752
1690, 0.68519
1691, 0.688774
1692, 0.692198
1693, 0.695574
1694, 0.698708
1695, 0.702029
1696, 0.70552
1697, 0.709016
1698, 0.712836
1699, 0.716423
1700, 0.719783
1701, 0.723612
1702, 0.727318
1703, 0.731118
1704, 0.73515
1705, 0.739499
1706, 0.742888
1707, 0.747012
1708, 0.751304
1709, 0.75529
1710, 0.75921
1711, 0.762997
1712, 0.766619
1713, 0.770924
1714, 0.775208
1715, 0.779514
1716, 0.784367
1717, 0.788901
1718, 0.794098
1719, 0.798706
1720, 0.803716
1721, 0.808462
1722, 0.814055
1723, 0.819517
1724, 0.824395
1725, 0.830362
1726, 0.835901
1727, 0.841443
1728, 0.848238
1729, 0.853996
1730, 0.860163
1731, 0.866131
1732, 0.872235
1733, 0.878335
1734, 0.884457
1735, 0.891462
1736, 0.897705
1737, 0.90454
1738, 0.911782
1739, 0.918979
1740, 0.926107
1741, 0.933565
1742, 0.941318
1743, 0.948716
1744, 0.956374
1745, 0.963455
1746, 0.963455
1747, 0.963455
1748, 0.963455
1749, 0.963455
1750, 0.963455
1751, 0.963455
1752, 0.963455
1753, 0.963455
1754, 0.963455
1755, 0.908118
1756, 0.216448
1757, 0.217466
1758, 0.218317
1759, 0.219352
1760, 0.220539
1761, 0.221564
1762, 0.222319
1763, 0.223159
1764, 0.224144
1765, 0.225251
1766, 0.225999
1767, 0.226837
1768, 0.227743
1769, 0.228695
1770, 0.229681
1771, 0.230648
1772, 0.231617
1773, 0.232447
1774, 0.233519
1775, 0.234669
1776, 0.235967
1777, 0.236955
1778, 0.238285
1779, 0.239218
1780, 0.240266
1781, 0.241336
1782, 0.242729
1783, 0.243569
1784, 0.244892
1785, 0.246012
1786, 0.247091
1787, 0.248177
1788, 0.249122
1789, 0.250053
1790, 0.251329
1791, 0.252602
1792, 0.253403
1793, 0.254381
1794, 0.255431
1795, 0.256739
1796, 0.258034
1797, 0.258991
1798, 0.260152
1799, 0.261249
1800, 0.262462
1801, 0.263842
1802, 0.264908
1803, 0.26605
1804, 0.267269
1805, 0.268489
1806, 0.2699
1807, 0.270939
1808, 0.272075
1809, 0.272995
1810, 0.274058
1811, 0.275123
1812, 0.27631
1813, 0.277649
1814, 0.278802
1815, 0.279674
1816, 0.280779
1817, 0.28195
1818, 0.283183
1819, 0.284171
1820, 0.285438
1821, 0.286792
1822, 0.287858
1823, 0.289057
1824, 0.29015
1825, 0.291269
1826, 0.292562
1827, 0.293678
1828, 0.294909
1829, 0.296034
1830, 0.297152
1831, 0.298578
1832, 0.300215
1833, 0.301332
1834, 0.302634
1835, 0.303493
1836, 0.304703
1837, 0.30618
1838, 0.307406
1839, 0.308673
1840, 0.31013
1841, 0.31137
1842, 0.312743
1843, 0.314135
1844, 0.315077
1845, 0.316294
1846, 0.317333
1847, 0.318592
1848, 0.319899
1849, 0.321445
1850, 0.322579
1851, 0.324118
1852, 0.325202
1853, 0.326759
1854, 0.328067
1855, 0.329609
1856, 0.330626
1857, 0.33228
1858, 0.333465
1859, 0.334796
1860, 0.336026
1861, 0.337547
1862, 0.338726
1863, 0.339919
1864, 0.341198
1865, 0.342605
1866, 0.344136
1867, 0.345758
1868, 0.347298
1869, 0.34868
1870, 0.350161
1871, 0.351666
1872, 0.353082
1873, 0.354477
1874, 0.355637
1875, 0.357085
1876, 0.358613
1877, 0.360011
1878, 0.361487
1879, 0.363026
1880, 0.364794
1881, 0.366357
1882, 0.368125
1883, 0.369848
1884, 0.371398
1885, 0.372885
1886, 0.37436
1887, 0.375666
1888, 0.376872
1889, 0.378138
1890, 0.379926
1891, 0.381575
1892, 0.383536
1893, 0.385295
1894, 0.386885
1895, 0.388359
1896, 0.389738
1897, 0.391247
1898, 0.392809
1899, 0.39442
1900, 0.396219
1901, 0.398015
1902, 0.399327
1903, 0.40095
1904, 0.402453
1905, 0.404323
1906, 0.405822
1907, 0.407269
1908, 0.408887
1909, 0.41072
1910, 0.412166
1911, 0.413919
1912, 0.415988
1913, 0.417646
1914, 0.419128
1915, 0.420971
1916, 0.422807
1917, 0.424537
1918, 0.426447
1919, 0.428239
1920, 0.429886
1921, 0.431603
1922, 0.433153
1923, 0.435125
1924, 0.436713
1925, 0.438482
1926, 0.440335
1927, 0.442205
1928, 0.44385
1929, 0.445547
1930, 0.447597
1931, 0.448952
1932, 0.450295
1933, 0.451691
1934, 0.453127
1935, 0.454802
1936, 0.456342
1937, 0.457674
1938, 0.459227
1939, 0.460469
1940, 0.461656
1941, 0.463093
1942, 0.464612
1943, 0.466068
1944, 0.467569
1945, 0.468963
1946, 0.470701
1947, 0.472522
1948, 0.474328
1949, 0.475983
1950, 0.477418
1951, 0.479274
1952, 0.481215
1953, 0.483031
1954, 0.48485
1955, 0.486877
1956, 0.488619
1957, 0.490518
1958, 0.492343
1959, 0.49427
1960, 0.496262
1961, 0.498261
1962, 0.500025
1963, 0.501797
1964, 0.503575
1965, 0.505681
1966, 0.508049
1967, 0.510257
1968, 0.512187
1969, 0.51416
1970, 0.516374
1971, 0.518458
1972, 0.520521
1973, 0.522494
1974, 0.524552
1975, 0.526564
1976, 0.528629
1977, 0.530739
1978, 0.532675
1979, 0.534973
1980, 0.537249
1981, 0.539235
1982, 0.541703
1983, 0.543808
1984, 0.546216
1985, 0.54836
1986, 0.550303
1987, 0.552361
1988, 0.555108
1989, 0.557398
1990, 0.559471
1991, 0.561838
1992, 0.564522
1993, 0.566922
1994, 0.569191
1995, 0.571392
1996, 0.573685
1997, 0.576094
1998, 0.578309
1999, 0.580423
2000, 0.582591
2001, 0.584937
2002, 0.587298
2003, 0.590151
2004, 0.592423
2005, 0.594912
2006, 0.597171
2007, 0.599433
2008, 0.601264
2009, 0.603856
2010, 0.60662
2011, 0.609652
2012, 0.611756
2013, 0.613817
2014, 0.616178
2015, 0.618239
2016, 0.620486
2017, 0.622774
2018, 0.624757
2019, 0.626893
2020, 0.629216
2021, 0.631665
2022, 0.633868
2023, 0.636294
2024, 0.63838
2025, 0.640647
2026, 0.643207
2027, 0.64613
2028, 0.6485
2029, 0.651477
2030, 0.654074
2031, 0.656841
2032, 0.659631
2033, 0.662454
2034, 0.664954
2035, 0.667801
2036, 0.670562
2037, 0.673261
2038, 0.676294
2039, 0.679324
2040, 0.682486
2041, 0.685526
2042, 0.688407
2043, 0.692115
2044, 0.695263
2045, 0.698499
2046, 0.701769
2047, 0.705236
2048, 0.708847
2049, 0.712563
2050, 0.715934
2051, 0.719412
2052, 0.722881
2053, 0.726469
2054, 0.730638
2055, 0.734449
2056, 0.738076
2057, 0.742288
2058, 0.745844
2059, 0.749276
2060, 0.753296
2061, 0.756737
2062, 0.760872
2063, 0.76515
2064, 0.768885
2065, 0.772969
2066, 0.776781
2067, 0.780916
2068, 0.785771
2069, 0.789694
2070, 0.794595
2071, 0.798998
2072, 0.803715
2073, 0.808486
2074, 0.813345
2075, 0.81823
2076, 0.823398
2077, 0.828432
2078, 0.834023
2079, 0.839281
2080, 0.844989
2081, 0.85033
2082, 0.855936
2083, 0.861797
2084, 0.867907
2085, 0.873755
2086, 0.879649
2087, 0.88575
2088, 0.891919
2089, 0.896905
2090, 0.90235
2091, 0.907165
2092, 0.912541
2093, 0.91733
2094, 0.922421
2095, 0.927922
2096, 0.93355
2097, 0.939365
2098, 0.944943
2099, 0.949764
2100, 0.95591
2101, 0.960977
2102, 0.960977
2103, 0.960977
2104, 0.960977
2105, 0.960977
2106, 0.960977
2107, 0.960977
2108, 0.960977
2109, 0.960977
2110, 0.960977
2111, 0.960977
2112, 0.960977
2113, 0.214699
2114, 0.215757
2115, 0.216816
2116, 0.217628
2117, 0.218309
2118, 0.219363
2119, 0.2203
2120, 0.221259
2121, 0.222293
2122, 0.223205
2123, 0.224248
2124, 0.225247
2125, 0.226237
2126, 0.227378
2127, 0.228139
2128, 0.229031
2129, 0.229969
2130, 0.23097
2131, 0.232022
2132, 0.233135
2133, 0.233802
2134, 0.23475
2135, 0.235483
2136, 0.236372
2137, 0.237409
2138, 0.238373
2139, 0.239507
2140, 0.240415
2141, 0.241523
2142, 0.242327
2143, 0.243284
2144, 0.244245
2145, 0.245184
2146, 0.24615
2147, 0.247148
2148, 0.248213
2149, 0.2492
2150, 0.250153
2151, 0.251342
2152, 0.252523
2153, 0.253447
2154, 0.254437
2155, 0.255511
2156, 0.256659
2157, 0.257827
2158, 0.258862
2159, 0.259958
2160, 0.261062
2161, 0.261928
2162, 0.262931
2163, 0.263943
2164, 0.265283
2165, 0.266691
2166, 0.267725
2167, 0.269186
2168, 0.270351
2169, 0.271367
2170, 0.272553
2171, 0.273938
2172, 0.274999
2173, 0.27608
2174, 0.277508
2175, 0.278597
2176, 0.279867
2177, 0.280863
2178, 0.282194
2179, 0.283411
2180, 0.284458
2181, 0.285499
2182, 0.286605
2183, 0.287625
2184, 0.288836
2185, 0.289921
2186, 0.291301
2187, 0.292553
2188, 0.293618
2189, 0.295006
2190, 0.296217
2191, 0.297699
2192, 0.299173
2193, 0.300293
2194, 0.301769
2195, 0.302836
2196, 0.304318
2197, 0.305707
2198, 0.306757
2199, 0.308038
2200, 0.309187
2201, 0.310695
2202, 0.312061
2203, 0.313349
2204, 0.314426
2205, 0.315472
2206, 0.316617
2207, 0.318183
2208, 0.319692
2209, 0.321017
2210, 0.32219
2211, 0.323489
2212, 0.324967
2213, 0.32632
2214, 0.327689
2215, 0.328989
2216, 0.330698
2217, 0.332155
2218, 0.333484
2219, 0.334863
2220, 0.336358
2221, 0.337922
2222, 0.339343
2223, 0.340765
2224, 0.342129
2225, 0.343671
2226, 0.344966
2227, 0.346363
2228, 0.348022
2229, 0.349291
2230, 0.350883
2231, 0.352506
2232, 0.353862
2233, 0.35519
2234, 0.35661
2235, 0.357978
2236, 0.359492
2237, 0.360938
2238, 0.362419
2239, 0.36404
2240, 0.365652
2241, 0.367639
2242, 0.369186
2243, 0.370809
2244, 0.372605
2245, 0.37411
2246, 0.375791
2247, 0.37745
2248, 0.379159
2249, 0.380705
2250, 0.382128
2251, 0.383678
2252, 0.385586
2253, 0.387336
2254, 0.38863
2255, 0.390163
2256, 0.391743
2257, 0.393112
2258, 0.394779
2259, 0.396255
2260, 0.397522
2261, 0.398955
2262, 0.400574
2263, 0.402442
2264, 0.404008
2265, 0.406033
2266, 0.407824
2267, 0.409561
2268, 0.411286
2269, 0.41297
2270, 0.414999
2271, 0.416403
2272, 0.41819
2273, 0.419641
2274, 0.421372
2275, 0.422824
2276, 0.424671
2277, 0.426495
2278, 0.428653
2279, 0.430633
2280, 0.432389
2281, 0.434423
2282, 0.436483
2283, 0.438803
2284, 0.440823
2285, 0.442646
2286, 0.444214
2287, 0.44576
2288, 0.447692
2289, 0.449303
2290, 0.451115
2291, 0.45304
2292, 0.454904
2293, 0.456946
2294, 0.458632
2295, 0.46036
2296, 0.462083
2297, 0.463609
2298, 0.465409
2299, 0.46719
2300, 0.46889
2301, 0.470853
2302, 0.472568
2303, 0.474539
2304, 0.476479
2305, 0.478322
2306, 0.480019
2307, 0.482159
2308, 0.48426
2309, 0.486077
2310, 0.487927
2311, 0.48986
2312, 0.491937
2313, 0.494319
2314, 0.496273
2315, 0.498291
2316, 0.500641
2317, 0.502339
2318, 0.504259
2319, 0.506363
2320, 0.508186
2321, 0.510363
2322, 0.512463
2323, 0.514405
2324, 0.516482
2325, 0.518665
2326, 0.520733
2327, 0.522726
2328, 0.525002
2329, 0.527394
2330, 0.529613
2331, 0.531956
2332, 0.533863
2333, 0.536084
2334, 0.538282
2335, 0.540201
2336, 0.542891
2337, 0.544963
2338, 0.547159
2339, 0.549154
2340, 0.551162
2341, 0.553639
2342, 0.556149
2343, 0.558475
2344, 0.560972
2345, 0.563797
2346, 0.565919
2347, 0.568469
2348, 0.570921
2349, 0.573229
2350, 0.575386
2351, 0.577523
2352, 0.580045
2353, 0.582139
2354, 0.584804
2355, 0.587289
2356, 0.589791
2357, 0.592383
2358, 0.594666
2359, 0.596873
2360, 0.59901
2361, 0.601688
2362, 0.603825
2363, 0.606266
2364, 0.609128
2365, 0.611648
2366, 0.614358
2367, 0.61721
2368, 0.62009
2369, 0.622576
2370, 0.625037
2371, 0.627765
2372, 0.630352
2373, 0.632803
2374, 0.635817
2375, 0.638781
2376, 0.641618
2377, 0.644302
2378, 0.647435
2379, 0.650476
2380, 0.653491
2381, 0.656612
2382, 0.659837
2383, 0.663202
2384, 0.665961
2385, 0.669059
2386, 0.672363
2387, 0.675582
2388, 0.678886
2389, 0.682601
2390, 0.686006
2391, 0.689891
2392, 0.693143
2393, 0.696499
2394, 0.699826
2395, 0.703585
2396, 0.7075
2397, 0.710997
2398, 0.714779
2399, 0.718158
2400, 0.721242
2401, 0.725311
2402, 0.728555
2403, 0.732171
2404, 0.735766
2405, 0.739817
2406, 0.743826
2407, 0.747923
2408, 0.751931
2409, 0.75631
2410, 0.76072
2411, 0.765111
2412, 0.769557
2413, 0.77426
2414, 0.778661
2415, 0.783103
2416, 0.787486
2417, 0.792383
2418, 0.797255
2419, 0.802138
2420, 0.807273
2421, 0.812514
2422, 0.8174
2423, 0.822538
2424, 0.82729
2425, 0.832679
2426, 0.837695
2427, 0.84328
2428, 0.848897
2429, 0.85497
2430, 0.859848
2431, 0.864879
2432, 0.870912
2433, 0.877085
2434, 0.883472
2435, 0.889902
2436, 0.896733
2437, 0.902974
2438, 0.910067
2439, 0.916834
2440, 0.923881
2441, 0.930741
2442, 0.938163
2443, 0.945975
2444, 0.953714
2445, 0.961847
2446, 0.964192
2447, 0.964192
2448, 0.964192
2449, 0.964192
2450, 0.964192
2451, 0.964192
2452, 0.964192
2453, 0.964192
2454, 0.964192
2455, 0.964192
2456, 0.215408
2457, 0.216397
2458, 0.21729
2459, 0.218343
2460, 0.219445
2461, 0.220577
2462, 0.221479
2463, 0.22246
2464, 0.223397
2465, 0.224523
2466, 0.225757
2467, 0.226733
2468, 0.227828
2469, 0.228703
2470, 0.22992
2471, 0.230981
2472, 0.231847
2473, 0.23283
2474, 0.23402
2475, 0.234988
2476, 0.236105
2477, 0.237031
2478, 0.238452
2479, 0.239525
2480, 0.240887
2481, 0.242129
2482, 0.243264
2483, 0.244297
2484, 0.245227
2485, 0.246307
2486, 0.247483
2487, 0.248359
2488, 0.249517
2489, 0.250583
2490, 0.251759
2491, 0.253009
2492, 0.254063
2493, 0.255229
2494, 0.256237
2495, 0.257356
2496, 0.25867
2497, 0.259736
2498, 0.260916
2499, 0.262183
2500, 0.263149
2501, 0.26446
2502, 0.265757
2503, 0.266751
2504, 0.267862
2505, 0.269006
2506, 0.27047
2507, 0.271554
2508, 0.272891
2509, 0.27402
2510, 0.275052
2511, 0.276131
2512, 0.277138
2513, 0.278282
2514, 0.279229
2515, 0.280221
2516, 0.281387
2517, 0.282797
2518, 0.283921
2519, 0.285141
2520, 0.286373
2521, 0.287605
2522, 0.288704
2523, 0.289772
2524, 0.290917
2525, 0.292174
2526, 0.293428
2527, 0.294584
2528, 0.295874
2529, 0.296953
2530, 0.29825
2531, 0.29962
2532, 0.300553
2533, 0.301593
2534, 0.303027
2535, 0.304474
2536, 0.305783
2537, 0.307123
2538, 0.30847
2539, 0.309521
2540, 0.310936
2541, 0.312355
2542, 0.313828
2543, 0.315335
2544, 0.316669
2545, 0.318105
2546, 0.319403
2547, 0.321009
2548, 0.322662
2549, 0.324247
2550, 0.325896
2551, 0.327186
2552, 0.328439
2553, 0.329594
2554, 0.331107
2555, 0.332523
2556, 0.333604
2557, 0.335001
2558, 0.336725
2559, 0.33784
2560, 0.339156
2561, 0.34069
2562, 0.342302
2563, 0.343959
2564, 0.345327
2565, 0.346958
2566, 0.348203
2567, 0.34974
2568, 0.351609
2569, 0.353179
2570, 0.354893
2571, 0.356341
2572, 0.357771
2573, 0.359239
2574, 0.360681
2575, 0.362174
2576, 0.363798
2577, 0.365096
2578, 0.366395
2579, 0.367829
2580, 0.369502
2581, 0.371017
2582, 0.372585
2583, 0.37416
2584, 0.375687
2585, 0.377044
2586, 0.37876
2587, 0.380266
2588, 0.381843
2589, 0.383604
2590, 0.385355
2591, 0.386861
2592, 0.388476
2593, 0.390311
2594, 0.392038
2595, 0.393825
2596, 0.395546
2597, 0.397324
2598, 0.398967
2599, 0.400698
2600, 0.402373
2601, 0.404223
2602, 0.406378
2603, 0.408196
2604, 0.409897
2605, 0.411874
2606, 0.413546
2607, 0.415207
2608, 0.416878
2609, 0.418273
2610, 0.42005
2611, 0.421863
2612, 0.423784
2613, 0.425724
2614, 0.427474
2615, 0.429481
2616, 0.431041
2617, 0.432873
2618, 0.434758
2619, 0.436406
2620, 0.437655
2621, 0.439514
2622, 0.441249
2623, 0.44305
2624, 0.444611
2625, 0.446376
2626, 0.448231
2627, 0.449827
2628, 0.45169
2629, 0.453255
2630, 0.454678
2631, 0.456323
2632, 0.457991
2633, 0.459871
2634, 0.461754
2635, 0.463421
2636, 0.465231
2637, 0.466986
2638, 0.469051
2639, 0.470782
2640, 0.472499
2641, 0.474234
2642, 0.476058
2643, 0.478141
2644, 0.480117
2645, 0.48192
2646, 0.483831
2647, 0.485614
2648, 0.487708
2649, 0.48991
2650, 0.491589
2651, 0.493667
2652, 0.495679
2653, 0.497749
2654, 0.499644
2655, 0.501377
2656, 0.503386
2657, 0.505315
2658, 0.507471
2659, 0.509661
2660, 0.51162
2661, 0.513746
2662, 0.516097
2663, 0.518651
2664, 0.520804
2665, 0.52314
2666, 0.52541
2667, 0.52741
2668, 0.529447
2669, 0.531557
2670, 0.53332
2671, 0.53528
2672, 0.537274
2673, 0.539352
2674, 0.541618
2675, 0.544232
2676, 0.546714
2677, 0.549087
2678, 0.551554
2679, 0.554212
2680, 0.556486
2681, 0.55873
2682, 0.561038
2683, 0.563596
2684, 0.565995
2685, 0.568067
2686, 0.570733
2687, 0.573041
2688, 0.575745
2689, 0.578179
2690, 0.580788
2691, 0.583348
2692, 0.585758
2693, 0.588086
2694, 0.590905
2695, 0.593379
2696, 0.596217
2697, 0.598756
2698, 0.601334
2699, 0.603762
2700, 0.606643
2701, 0.609125
2702, 0.612007
2703, 0.615032
2704, 0.617883
2705, 0.620602
2706, 0.62371
2707, 0.626386
2708, 0.629495
2709, 0.632465
2710, 0.634801
2711, 0.637922
2712, 0.640972
2713, 0.644268
2714, 0.647112
2715, 0.650137
2716, 0.653131
2717, 0.656618
2718, 0.659719
2719, 0.662983
2720, 0.666153
2721, 0.669171
2722, 0.672427
2723, 0.67585
2724, 0.679035
2725, 0.682608
2726, 0.685707
2727, 0.689315
2728, 0.692377
2729, 0.695718
2730, 0.699259
2731, 0.702847
2732, 0.705721
2733, 0.70912
2734, 0.71255
2735, 0.715848
2736, 0.719182
2737, 0.722926
2738, 0.725892
2739, 0.72932
2740, 0.733266
2741, 0.736869
2742, 0.740637
2743, 0.744374
2744, 0.748112
2745, 0.751976
2746, 0.755381
2747, 0.760071
2748, 0.764054
2749, 0.768553
2750, 0.773314
2751, 0.777632
2752, 0.78191
2753, 0.786924
2754, 0.790886
2755, 0.795421
2756, 0.800117
2757, 0.805191
2758, 0.810038
2759, 0.8149
2760, 0.819643
2761, 0.825165
2762, 0.830597
2763, 0.836242
2764, 0.841601
2765, 0.847872
2766, 0.853756
2767, 0.859372
2768, 0.865776
2769, 0.872319
2770, 0.878472
2771, 0.884827
2772, 0.891081
2773, 0.897972
2774, 0.905182
2775, 0.911961
2776, 0.919517
2777, 0.927087
2778, 0.934796
2779, 0.942777
2780, 0.949725
2781, 0.957195
2782, 0.958563
2783, 0.958563
2784, 0.958563
2785, 0.958563
2786, 0.958563
2787, 0.958563
2788, 0.958563
2789, 0.958563
2790, 0.958563
2791, 0.958563
2792, 0.213412
2793, 0.214396
2794, 0.215264
2795, 0.21628
2796, 0.217206
2797, 0.218177
2798, 0.219201
2799, 0.220289
2800, 0.221596
2801, 0.222441
2802, 0.223332
2803, 0.224422
2804, 0.225404
2805, 0.226422
2806, 0.227227
2807, 0.22809
2808, 0.229482
2809, 0.230757
2810, 0.231724
2811, 0.232978
2812, 0.233976
2813, 0.235056
2814, 0.236368
2815, 0.237646
2816, 0.238684
2817, 0.239765
2818, 0.240687
2819, 0.241832
2820, 0.242741
2821, 0.243589
2822, 0.244914
2823, 0.246197
2824, 0.247388
2825, 0.248647
2826, 0.249701
2827, 0.251183
2828, 0.252447
2829, 0.253812
2830, 0.255063
2831, 0.256005
2832, 0.257171
2833, 0.258199
2834, 0.2593
2835, 0.26074
2836, 0.26198
2837, 0.263266
2838, 0.2649
2839, 0.265894
2840, 0.267136
2841, 0.268394
2842, 0.269598
2843, 0.270738
2844, 0.271847
2845, 0.273308
2846, 0.274397
2847, 0.275202
2848, 0.276454
2849, 0.277509
2850, 0.278958
2851, 0.279896
2852, 0.281152
2853, 0.282414
2854, 0.283593
2855, 0.284787
2856, 0.285866
2857, 0.28717
2858, 0.288365
2859, 0.289503
2860, 0.290699
2861, 0.291928
2862, 0.293113
2863, 0.294199
2864, 0.29532
2865, 0.296564
2866, 0.297935
2867, 0.299373
2868, 0.300365
2869, 0.301703
2870, 0.302893
2871, 0.304316
2872, 0.305583
2873, 0.306902
2874, 0.308246
2875, 0.30967
2876, 0.311053
2877, 0.31243
2878, 0.313866
2879, 0.315357
2880, 0.316853
2881, 0.318213
2882, 0.319712
2883, 0.321072
2884, 0.322293
2885, 0.323984
2886, 0.325171
2887, 0.326914
2888, 0.328178
2889, 0.329513
2890, 0.330932
2891, 0.332382
2892, 0.333982
2893, 0.33587
2894, 0.337176
2895, 0.338553
2896, 0.339765
2897, 0.341302
2898, 0.342974
2899, 0.34466
2900, 0.345973
2901, 0.347642
2902, 0.349039
2903, 0.350578
2904, 0.351896
2905, 0.353277
2906, 0.354886
2907, 0.356636
2908, 0.358315
2909, 0.359837
2910, 0.361241
2911, 0.362959
2912, 0.364389
2913, 0.365748
2914, 0.367465
2915, 0.369006
2916, 0.370318
2917, 0.37226
2918, 0.373693
2919, 0.375157
2920, 0.376566
2921, 0.378272
2922, 0.380014
2923, 0.381719
2924, 0.383184
2925, 0.384927
2926, 0.386549
2927, 0.387962
2928, 0.38972
2929, 0.391351
2930, 0.393355
2931, 0.394949
2932, 0.396341
2933, 0.398008
2934, 0.399753
2935, 0.401292
2936, 0.403138
2937, 0.404952
2938, 0.406767
2939, 0.408429
2940, 0.410419
2941, 0.411999
2942, 0.413703
2943, 0.415355
2944, 0.41718
2945, 0.418935
2946, 0.420762
2947, 0.422378
2948, 0.424007
2949, 0.425871
2950, 0.427642
2951, 0.429122
2952, 0.43071
2953, 0.432828
2954, 0.434592
2955, 0.436621
2956, 0.438346
2957, 0.440358
2958, 0.442346
2959, 0.444269
2960, 0.446027
2961, 0.447957
2962, 0.449945
2963, 0.452061
2964, 0.454112
2965, 0.45613
2966, 0.457983
2967, 0.459674
2968, 0.461434
2969, 0.463344
2970, 0.465063
2971, 0.46709
2972, 0.468988
2973, 0.470869
2974, 0.472635
2975, 0.474364
2976, 0.475939
2977, 0.477902
2978, 0.479861
2979, 0.482174
2980, 0.484437
2981, 0.486503
2982, 0.488379
2983, 0.490365
2984, 0.492592
2985, 0.494631
2986, 0.496781
2987, 0.498611
2988, 0.500449
2989, 0.502429
2990, 0.504546
2991, 0.506403
2992, 0.508619
2993, 0.51059
2994, 0.512616
2995, 0.514342
2996, 0.516385
2997, 0.518638
2998, 0.520732
2999, 0.522665
3000, 0.524569
3001, 0.526745
3002, 0.528914
3003, 0.531628
3004, 0.534019
3005, 0.536262
3006, 0.538286
3007, 0.540435
3008, 0.542167
3009, 0.544261
3010, 0.546583
3011, 0.549117
3012, 0.551283
3013, 0.553622
3014, 0.556056
3015, 0.558954
3016, 0.561495
3017, 0.563621
3018, 0.566126
3019, 0.568605
3020, 0.571274
3021, 0.573981
3022, 0.576474
3023, 0.579066
3024, 0.581766
3025, 0.584037
3026, 0.586964
3027, 0.589051
3028, 0.591482
3029, 0.59427
3030, 0.596838
3031, 0.599262
3032, 0.601967
3033, 0.604832
3034, 0.607545
3035, 0.610314
3036, 0.612897
3037, 0.615479
3038, 0.618629
3039, 0.621757
3040, 0.624448
3041, 0.627246
3042, 0.629881
3043, 0.632667
3044, 0.635871
3045, 0.638908
3046, 0.642053
3047, 0.644991
3048, 0.648017
3049, 0.651374
3050, 0.654175
3051, 0.656903
3052, 0.659874
3053, 0.662739
3054, 0.666544
3055, 0.6694
3056, 0.672471
3057, 0.675794
3058, 0.679139
3059, 0.682351
3060, 0.685947
3061, 0.689272
3062, 0.692452
3063, 0.695859
3064, 0.699583
3065, 0.703113
3066, 0.706445
3067, 0.709941
3068, 0.713063
3069, 0.716387
3070, 0.719939
3071, 0.723423
3072, 0.727271
3073, 0.730445
3074, 0.734575
3075, 0.738579
3076, 0.742384
3077, 0.746192
3078, 0.750571
3079, 0.755422
3080, 0.759562
3081, 0.764157
3082, 0.768354
3083, 0.773501
3084, 0.778081
3085, 0.782355
3086, 0.78723
3087, 0.792058
3088, 0.796728
3089, 0.801837
3090, 0.806786
3091, 0.812447
3092, 0.817571
3093, 0.822534
3094, 0.827928
3095, 0.833341
3096, 0.838601
3097, 0.844282
3098, 0.849705
3099, 0.855569
3100, 0.861382
3101, 0.867459
3102, 0.873754
3103, 0.880043
3104, 0.886286
3105, 0.892955
3106, 0.899396
3107, 0.906324
3108, 0.913419
3109, 0.920915
3110, 0.928622
3111, 0.936395
3112, 0.943783
3113, 0.951485
3114, 0.9589
3115, 0.966699
3116, 0.96815
3117, 0.96815
3118, 0.96815
3119, 0.96815
3120, 0.96815
3121, 0.96815
3122, 0.96815
3123, 0.96815
3124, 0.96815
3125, 0.96815
3126, 0.96815
3127, 0.449525
3128, 0.215859
3129, 0.216847
3130, 0.217711
3131, 0.218971
3132, 0.219956
3133, 0.220843
3134, 0.221831
3135, 0.223121
3136, 0.224209
3137, 0.225062
3138, 0.225893
3139, 0.227374
3140, 0.228332
3141, 0.229566
3142, 0.23067
3143, 0.231713
3144, 0.232853
3145, 0.234079
3146, 0.235355
3147, 0.236319
3148, 0.237334
3149, 0.238579
3150, 0.239622
3151, 0.240861
3152, 0.241984
3153, 0.243261
3154, 0.244357
3155, 0.24543
3156, 0.246423
3157, 0.247632
3158, 0.248955
3159, 0.250004
3160, 0.251204
3161, 0.252191
3162, 0.25351
3163, 0.254618
3164, 0.255733
3165, 0.256982
3166, 0.258022
3167, 0.259259
3168, 0.260224
3169, 0.261263
3170, 0.262178
3171, 0.263284
3172, 0.264378
3173, 0.265657
3174, 0.266791
3175, 0.267914
3176, 0.268972
3177, 0.270499
3178, 0.271757
3179, 0.273112
3180, 0.274353
3181, 0.275613
3182, 0.276683
3183, 0.277706
3184, 0.2789
3185, 0.280007
3186, 0.281414
3187, 0.282684
3188, 0.283937
3189, 0.28518
3190, 0.286593
3191, 0.287697
3192, 0.288907
3193, 0.290151
3194, 0.291321
3195, 0.292369
3196, 0.293552
3197, 0.294968
3198, 0.296221
3199, 0.297444
3200, 0.298785
3201, 0.299876
3202, 0.301123
3203, 0.302553
3204, 0.303882
3205, 0.305631
3206, 0.306694
3207, 0.307999
3208, 0.309335
3209, 0.310594
3210, 0.312063
3211, 0.313482
3212, 0.314687
3213, 0.315855
3214, 0.317203
3215, 0.318543
3216, 0.319895
3217, 0.321058
3218, 0.322355
3219, 0.323632
3220, 0.325008
3221, 0.326362
3222, 0.32735
3223, 0.328467
3224, 0.330089
3225, 0.331141
3226, 0.332736
3227, 0.334122
3228, 0.335583
3229, 0.337224
3230, 0.338375
3231, 0.339875
3232, 0.341608
3233, 0.343019
3234, 0.344495
3235, 0.346103
3236, 0.347392
3237, 0.348773
3238, 0.350234
3239, 0.351664
3240, 0.352954
3241, 0.354237
3242, 0.355512
3243, 0.356996
3244, 0.35844
3245, 0.359827
3246, 0.361365
3247, 0.362794
3248, 0.364144
3249, 0.365523
3250, 0.367147
3251, 0.368578
3252, 0.369893
3253, 0.371187
3254, 0.372585
3255, 0.373952
3256, 0.375793
3257, 0.377158
3258, 0.378556
3259, 0.379899
3260, 0.381556
3261, 0.383321
3262, 0.385223
3263, 0.386715
3264, 0.388189
3265, 0.389931
3266, 0.391487
3267, 0.392958
3268, 0.394555
3269, 0.396227
3270, 0.397482
3271, 0.399022
3272, 0.400726
3273, 0.402491
3274, 0.404262
3275, 0.406011
3276, 0.407896
3277, 0.409439
3278, 0.410819
3279, 0.412482
3280, 0.414097
3281, 0.41584
3282, 0.417314
3283, 0.418871
3284, 0.420915
3285, 0.422736
3286, 0.424417
3287, 0.426144
3288, 0.42774
3289, 0.42928
3290, 0.430842
3291, 0.432338
3292, 0.434061
3293, 0.435333
3294, 0.436915
3295, 0.438322
3296, 0.439932
3297, 0.44158
3298, 0.443251
3299, 0.44495
3300, 0.446618
3301, 0.44839
3302, 0.450028
3303, 0.451664
3304, 0.453233
3305, 0.455056
3306, 0.45683
3307, 0.458806
3308, 0.460558
3309, 0.462164
3310, 0.464156
3311, 0.465881
3312, 0.46774
3313, 0.46972
3314, 0.47152
3315, 0.473382
3316, 0.475285
3317, 0.477018
3318, 0.478592
3319, 0.480718
3320, 0.482345
3321, 0.484223
3322, 0.485799
3323, 0.487924
3324, 0.490026
3325, 0.491841
3326, 0.493944
3327, 0.495942
3328, 0.498288
3329, 0.500207
3330, 0.501991
3331, 0.504137
3332, 0.505884
3333, 0.508048
3334, 0.509907
3335, 0.511897
3336, 0.514058
3337, 0.515873
3338, 0.518253
3339, 0.51998
3340, 0.52203
3341, 0.524076
3342, 0.526027
3343, 0.527999
3344, 0.53046
3345, 0.53258
3346, 0.534604
3347, 0.53651
3348, 0.538607
3349, 0.540959
3350, 0.542865
3351, 0.545164
3352, 0.547833
3353, 0.549975
3354, 0.552371
3355, 0.554837
3356, 0.557302
3357, 0.560183
3358, 0.562241
3359, 0.564812
3360, 0.567395
3361, 0.569534
3362, 0.571664
3363, 0.573993
3364, 0.576372
3365, 0.578544
3366, 0.580782
3367, 0.583191
3368, 0.585715
3369, 0.587779
3370, 0.590047
3371, 0.59238
3372, 0.595245
3373, 0.597714
3374, 0.600481
3375, 0.603594
3376, 0.606204
3377, 0.609159
3378, 0.611801
3379, 0.614404
3380, 0.61727
3381, 0.619714
3382, 0.622259
3383, 0.624933
3384, 0.627418
3385, 0.630197
3386, 0.632911
3387, 0.635438
3388, 0.638232
3389, 0.641343
3390, 0.644769
3391, 0.647435
3392, 0.650229
3393, 0.653481
3394, 0.656745
3395, 0.659965
3396, 0.662827
3397, 0.665927
3398, 0.668963
3399, 0.67213
3400, 0.675761
3401, 0.678578
3402, 0.681347
3403, 0.684679
3404, 0.688038
3405, 0.691312
3406, 0.694498
3407, 0.697711
3408, 0.700722
3409, 0.704172
3410, 0.707997
3411, 0.711761
3412, 0.715497
3413, 0.719217
3414, 0.722789
3415, 0.72687
3416, 0.730733
3417, 0.734627
3418, 0.738564
3419, 0.742849
3420, 0.74674
3421, 0.750356
3422, 0.754517
3423, 0.759145
3424, 0.763121
3425, 0.768065
3426, 0.772726
3427, 0.776922
3428, 0.781666
3429, 0.786539
3430, 0.791157
3431, 0.795383
3432, 0.800302
3433, 0.80511
3434, 0.810002
3435, 0.815058
3436, 0.820304
3437, 0.825548
3438, 0.830738
3439, 0.83592
3440, 0.840974
3441, 0.846589
3442, 0.852546
3443, 0.858096
3444, 0.86355
3445, 0.868864
3446, 0.87476
3447, 0.88139
3448, 0.888237
3449, 0.894182
3450, 0.900407
3451, 0.907595
3452, 0.914663
3453, 0.921754
3454, 0.928577
3455, 0.935463
3456, 0.942652
3457, 0.949569
3458, 0.956861
3459, 0.964109
3460, 0.965919
3461, 0.965919
3462, 0.965919
3463, 0.965919
3464, 0.965919
3465, 0.965919
3466, 0.965919
3467, 0.965919
3468, 0.965919
3469, 0.965919
3470, 0.21597
3471, 0.216859
3472, 0.217682
3473, 0.218564
3474, 0.219557
3475, 0.220567
3476, 0.221531
3477, 0.222576
3478, 0.223639
3479, 0.224768
3480, 0.225859
3481, 0.226832
3482, 0.22784
3483, 0.228999
3484, 0.22998
3485, 0.230918
3486, 0.231966
3487, 0.233119
3488, 0.234303
3489, 0.235241
3490, 0.236156
3491, 0.237239
3492, 0.238525
3493, 0.239809
3494, 0.240882
3495, 0.241942
3496, 0.243071
3497, 0.244279
3498, 0.245242
3499, 0.246542
3500, 0.247377
3501, 0.2488
3502, 0.249951
3503, 0.251031
3504, 0.252179
3505, 0.25322
3506, 0.254292
3507, 0.255339
3508, 0.256372
3509, 0.257273
3510, 0.258299
3511, 0.259383
3512, 0.260487
3513, 0.261692
3514, 0.262834
3515, 0.263863
3516, 0.265191
3517, 0.266046
3518, 0.266932
3519, 0.268157
3520, 0.26924
3521, 0.270639
3522, 0.271776
3523, 0.273015
3524, 0.274101
3525, 0.275093
3526, 0.276354
3527, 0.277475
3528, 0.278541
3529, 0.280005
3530, 0.281357
3531, 0.282666
3532, 0.283975
3533, 0.28495
3534, 0.286465
3535, 0.287882
3536, 0.289285
3537, 0.291
3538, 0.292409
3539, 0.293518
3540, 0.294472
3541, 0.296007
3542, 0.297405
3543, 0.298633
3544, 0.299568
3545, 0.300774
3546, 0.301761
3547, 0.303019
3548, 0.304076
3549, 0.30517
3550, 0.306503
3551, 0.30765
3552, 0.309204
3553, 0.310657
3554, 0.311906
3555, 0.313487
3556, 0.314835
3557, 0.316005
3558, 0.317381
3559, 0.318415
3560, 0.319698
3561, 0.321311
3562, 0.322546
3563, 0.32383
3564, 0.325155
3565, 0.326578
3566, 0.32765
3567, 0.329134
3568, 0.330499
3569, 0.331793
3570, 0.333181
3571, 0.334662
3572, 0.336132
3573, 0.337408
3574, 0.33874
3575, 0.34007
3576, 0.341335
3577, 0.342792
3578, 0.344538
3579, 0.346087
3580, 0.347351
3581, 0.348716
3582, 0.350157
3583, 0.351627
3584, 0.353339
3585, 0.354837
3586, 0.356306
3587, 0.357416
3588, 0.358887
3589, 0.360168
3590, 0.361632
3591, 0.362984
3592, 0.364656
3593, 0.366228
3594, 0.367794
3595, 0.369591
3596, 0.37117
3597, 0.372778
3598, 0.374185
3599, 0.375829
3600, 0.377285
3601, 0.37891
3602, 0.380881
3603, 0.382553
3604, 0.383979
3605, 0.385328
3606, 0.386719
3607, 0.388293
3608, 0.389896
3609, 0.391628
3610, 0.39347
3611, 0.39476
3612, 0.39624
3613, 0.397698
3614, 0.39943
3615, 0.400684
3616, 0.402295
3617, 0.404152
3618, 0.405522
3619, 0.406978
3620, 0.408547
3621, 0.4102
3622, 0.411449
3623, 0.413286
3624, 0.414735
3625, 0.416316
3626, 0.418055
3627, 0.419663
3628, 0.421486
3629, 0.423369
3630, 0.424995
3631, 0.42639
3632, 0.428179
3633, 0.430178
3634, 0.431946
3635, 0.433753
3636, 0.435631
3637, 0.437431
3638, 0.439301
3639, 0.440595
3640, 0.442609
3641, 0.444419
3642, 0.446314
3643, 0.44784
3644, 0.449588
3645, 0.451759
3646, 0.453252
3647, 0.455127
3648, 0.456923
3649, 0.459094
3650, 0.461123
3651, 0.462749
3652, 0.46449
3653, 0.466474
3654, 0.468071
3655, 0.470066
3656, 0.472033
3657, 0.474075
3658, 0.475862
3659, 0.478021
3660, 0.479943
3661, 0.481628
3662, 0.48355
3663, 0.485607
3664, 0.487269
3665, 0.489132
3666, 0.490981
3667, 0.492964
3668, 0.494894
3669, 0.497155
3670, 0.498973
3671, 0.500946
3672, 0.502828
3673, 0.505181
3674, 0.507246
3675, 0.509127
3676, 0.511237
3677, 0.513514
3678, 0.516002
3679, 0.51831
3680, 0.520637
3681, 0.522991
3682, 0.524928
3683, 0.527392
3684, 0.529361
3685, 0.531676
3686, 0.533815
3687, 0.535953
3688, 0.538502
3689, 0.540574
3690, 0.542484
3691, 0.544785
3692, 0.546961
3693, 0.548977
3694, 0.551746
3695, 0.554504
3696, 0.556625
3697, 0.558645
3698, 0.560916
3699, 0.563031
3700, 0.565087
3701, 0.567417
3702, 0.570107
3703, 0.5724
3704, 0.575114
3705, 0.577369
3706, 0.579994
3707, 0.582417
3708, 0.58468
3709, 0.58739
3710, 0.589652
3711, 0.591947
3712, 0.594419
3713, 0.596745
3714, 0.599704
3715, 0.602652
3716, 0.605069
3717, 0.607814
3718, 0.610143
3719, 0.61286
3720, 0.615638
3721, 0.618258
3722, 0.620905
3723, 0.623706
3724, 0.626501
3725, 0.62911
3726, 0.631792
3727, 0.634549
3728, 0.637364
3729, 0.640308
3730, 0.643171
3731, 0.646095
3732, 0.648768
3733, 0.65164
3734, 0.654463
3735, 0.656623
3736, 0.659246
3737, 0.661825
3738, 0.664929
3739, 0.668068
3740, 0.670821
3741, 0.673279
3742, 0.676323
3743, 0.679411
3744, 0.682505
3745, 0.685747
3746, 0.688635
3747, 0.691605
3748, 0.694732
3749, 0.697899
3750, 0.700971
3751, 0.703928
3752, 0.707368
3753, 0.710583
3754, 0.714105
3755, 0.717759
3756, 0.721662
3757, 0.724999
3758, 0.72851
3759, 0.731892
3760, 0.735651
3761, 0.739402
3762, 0.743318
3763, 0.747165
3764, 0.751038
3765, 0.755062
3766, 0.758915
3767, 0.76241
3768, 0.766496
3769, 0.770646
3770, 0.774784
3771, 0.779043
3772, 0.78326
3773, 0.787737
3774, 0.792625
3775, 0.79758
3776, 0.802507
3777, 0.807159
3778, 0.811982
3779, 0.816715
3780, 0.821523
3781, 0.82707
3782, 0.832378
3783, 0.838017
3784, 0.843594
3785, 0.848751
3786, 0.854315
3787, 0.859849
3788, 0.866024
3789, 0.872487
3790, 0.879051
3791, 0.885122
3792, 0.892462
3793, 0.898798
3794, 0.905506
3795, 0.911913
3796, 0.919104
3797, 0.925722
3798, 0.933186
3799, 0.940443
3800, 0.948156
3801, 0.955229
3802, 0.963158
3803, 0.964501
3804, 0.964501
3805, 0.964501
3806, 0.964501
3807, 0.964501
3808, 0.964501
3809, 0.964501
3810, 0.964501
3811, 0.964501
3812, 0.964501
3813, 0.219358
3814, 0.220457
3815, 0.221583
3816, 0.222795
3817, 0.223731
3818, 0.224718
3819, 0.225706
3820, 0.226905
3821, 0.22772
3822, 0.228681
3823, 0.229534
3824, 0.23067
3825, 0.231697
3826, 0.23257
3827, 0.233629
3828, 0.234712
3829, 0.23583
3830, 0.236815
3831, 0.237935
3832, 0.239004
3833, 0.239969
3834, 0.241239
3835, 0.242143
3836, 0.243105
3837, 0.244225
3838, 0.245148
3839, 0.246221
3840, 0.247165
3841, 0.248522
3842, 0.249757
3843, 0.251109
3844, 0.252298
3845, 0.253442
3846, 0.254478
3847, 0.255458
3848, 0.256526
3849, 0.257946
3850, 0.259245
3851, 0.260183
3852, 0.261276
3853, 0.262567
3854, 0.263571
3855, 0.264672
3856, 0.26556
3857, 0.266491
3858, 0.26786
3859, 0.269227
3860, 0.270335
3861, 0.271416
3862, 0.272447
3863, 0.273694
3864, 0.275208
3865, 0.276225
3866, 0.277447
3867, 0.278747
3868, 0.280022
3869, 0.281321
3870, 0.282453
3871, 0.283626
3872, 0.285115
3873, 0.286419
3874, 0.28792
3875, 0.289236
3876, 0.290573
3877, 0.291698
3878, 0.293021
3879, 0.294127
3880, 0.295476
3881, 0.296603
3882, 0.297862
3883, 0.299111
3884, 0.300549
3885, 0.301919
3886, 0.303498
3887, 0.304865
3888, 0.306074
3889, 0.307374
3890, 0.308549
3891, 0.309954
3892, 0.311577
3893, 0.312642
3894, 0.313919
3895, 0.315286
3896, 0.316457
3897, 0.317673
3898, 0.318915
3899, 0.320162
3900, 0.321418
3901, 0.322723
3902, 0.324341
3903, 0.326002
3904, 0.327248
3905, 0.328528
3906, 0.329763
3907, 0.330807
3908, 0.33224
3909, 0.333477
3910, 0.334735
3911, 0.336068
3912, 0.337385
3913, 0.33884
3914, 0.340115
3915, 0.341669
3916, 0.34292
3917, 0.344022
3918, 0.345593
3919, 0.347284
3920, 0.348486
3921, 0.350015
3922, 0.35137
3923, 0.352745
3924, 0.3544
3925, 0.355921
3926, 0.357664
3927, 0.359271
3928, 0.360974
3929, 0.362197
3930, 0.363942
3931, 0.365555
3932, 0.367115
3933, 0.368719
3934, 0.370419
3935, 0.371797
3936, 0.373876
3937, 0.37548
3938, 0.376936
3939, 0.378221
3940, 0.379583
3941, 0.381055
3942, 0.382833
3943, 0.384481
3944, 0.386149
3945, 0.387644
3946, 0.389555
3947, 0.391218
3948, 0.392952
3949, 0.394554
3950, 0.396095
3951, 0.397943
3952, 0.399779
3953, 0.401464
3954, 0.403295
3955, 0.404886
3956, 0.40659
3957, 0.408303
3958, 0.409659
3959, 0.411564
3960, 0.412764
3961, 0.414467
3962, 0.416111
3963, 0.417861
3964, 0.419375
3965, 0.421086
3966, 0.422845
3967, 0.424453
3968, 0.42572
3969, 0.427123
3970, 0.429165
3971, 0.431022
3972, 0.432525
3973, 0.434235
3974, 0.436429
3975, 0.438215
3976, 0.440258
3977, 0.442227
3978, 0.443668
3979, 0.445458
3980, 0.447578
3981, 0.449315
3982, 0.450902
3983, 0.45285
3984, 0.454681
3985, 0.456721
3986, 0.458553
3987, 0.460387
3988, 0.462068
3989, 0.464188
3990, 0.46625
3991, 0.468141
3992, 0.47
3993, 0.471669
3994, 0.473679
3995, 0.47536
3996, 0.477559
3997, 0.479553
3998, 0.481263
3999, 0.48304
4000, 0.485635
4001, 0.487341
4002, 0.489629
4003, 0.491671
4004, 0.493753
4005, 0.495932
4006, 0.497934
4007, 0.499878
4008, 0.502166
4009, 0.503975
4010, 0.50578
4011, 0.507707
4012, 0.509568
4013, 0.511452
4014, 0.513504
4015, 0.515685
4016, 0.517913
4017, 0.520297
4018, 0.522302
4019, 0.524309
4020, 0.526372
4021, 0.528531
4022, 0.530678
4023, 0.532893
4024, 0.535294
4025, 0.537717
4026, 0.540131
4027, 0.542359
4028, 0.544181
4029, 0.54669
4030, 0.548926
4031, 0.551174
4032, 0.553747
4033, 0.556075
4034, 0.558689
4035, 0.560879
4036, 0.563502
4037, 0.565736
4038, 0.568329
4039, 0.570947
4040, 0.573393
4041, 0.576125
4042, 0.578216
4043, 0.580915
4044, 0.583488
4045, 0.586193
4046, 0.588596
4047, 0.591353
4048, 0.59393
4049, 0.596363
4050, 0.599101
4051, 0.601306
4052, 0.603923
4053, 0.606687
4054, 0.60955
4055, 0.612359
4056, 0.61507
4057, 0.617443
4058, 0.620127
4059, 0.622766
4060, 0.625395
4061, 0.628131
4062, 0.631016
4063, 0.63399
4064, 0.637249
4065, 0.640355
4066, 0.642973
4067, 0.646094
4068, 0.649347
4069, 0.652273
4070, 0.65532
4071, 0.658314
4072, 0.66109
4073, 0.664259
4074, 0.66717
4075, 0.669981
4076, 0.673347
4077, 0.676399
4078, 0.679452
4079, 0.682861
4080, 0.686726
4081, 0.690043
4082, 0.693083
4083, 0.696851
4084, 0.700493
4085, 0.704175
4086, 0.708119
4087, 0.711695
4088, 0.715468
4089, 0.719265
4090, 0.722933
4091, 0.727038
4092, 0.730994
4093, 0.735362
4094, 0.73974
4095, 0.743977
4096, 0.747809
4097, 0.751937
4098, 0.756274
4099, 0.761027
4100, 0.765562
4101, 0.770268
4102, 0.774823
4103, 0.779572
4104, 0.784774
4105, 0.789877
4106, 0.795471
4107, 0.800795
4108, 0.80582
4109, 0.811511
4110, 0.816814
4111, 0.821967
4112, 0.82647
4113, 0.831208
4114, 0.83698
4115, 0.843868
4116, 0.850771
4117, 0.857427
4118, 0.864095
4119, 0.870844
4120, 0.877294
4121, 0.884377
4122, 0.891299
4123, 0.898225
4124, 0.905644
4125, 0.913003
4126, 0.920706
4127, 0.928672
4128, 0.937012
4129, 0.945185
4130, 0.954329
4131, 0.962479
4132, 0.967597
4133, 0.967597
4134, 0.967597
4135, 0.967597
4136, 0.967597
4137, 0.967597
4138, 0.967597
4139, 0.967597
4140, 0.967597
4141, 0.967597
4142, 0.967597
4143, 0.217919
4144, 0.218997
4145, 0.21983
4146, 0.220598
4147, 0.221589
4148, 0.22248
4149, 0.223264
4150, 0.224042
4151, 0.224943
4152, 0.225949
4153, 0.227004
4154, 0.228098
4155, 0.229074
4156, 0.230097
4157, 0.230984
4158, 0.23205
4159, 0.233114
4160, 0.234129
4161, 0.235057
4162, 0.236222
4163, 0.237181
4164, 0.238123
4165, 0.239132
4166, 0.240151
4167, 0.24122
4168, 0.242277
4169, 0.243129
4170, 0.24416
4171, 0.24539
4172, 0.246374
4173, 0.247444
4174, 0.248281
4175, 0.249571
4176, 0.250767
4177, 0.251966
4178, 0.253144
4179, 0.253825
4180, 0.254838
4181, 0.255966
4182, 0.256963
4183, 0.258078
4184, 0.259035
4185, 0.260233
4186, 0.261284
4187, 0.262644
4188, 0.263669
4189, 0.264709
4190, 0.265766
4191, 0.266817
4192, 0.267815
4193, 0.26909
4194, 0.270164
4195, 0.271193
4196, 0.272139
4197, 0.273193
4198, 0.27444
4199, 0.27593
4200, 0.277209
4201, 0.278633
4202, 0.279824
4203, 0.280921
4204, 0.282212
4205, 0.283378
4206, 0.284548
4207, 0.285896
4208, 0.287133
4209, 0.288268
4210, 0.28905
4211, 0.29019
4212, 0.291517
4213, 0.292715
4214, 0.294025
4215, 0.29525
4216, 0.296412
4217, 0.297789
4218, 0.298969
4219, 0.300064
4220, 0.30148
4221, 0.302808
4222, 0.304161
4223, 0.305736
4224, 0.306959
4225, 0.30846
4226, 0.30944
4227, 0.310518
4228, 0.311902
4229, 0.312998
4230, 0.314348
4231, 0.315411
4232, 0.316756
4233, 0.318084
4234, 0.319365
4235, 0.320765
4236, 0.321917
4237, 0.323236
4238, 0.32452
4239, 0.325998
4240, 0.327446
4241, 0.328809
4242, 0.330231
4243, 0.331581
4244, 0.332875
4245, 0.334197
4246, 0.335533
4247, 0.336975
4248, 0.338578
4249, 0.339733
4250, 0.341026
4251, 0.342738
4252, 0.344247
4253, 0.345726
4254, 0.347202
4255, 0.348497
4256, 0.349799
4257, 0.351333
4258, 0.352864
4259, 0.354377
4260, 0.355878
4261, 0.357399
4262, 0.358772
4263, 0.360197
4264, 0.36179
4265, 0.363684
4266, 0.365389
4267, 0.366619
4268, 0.368201
4269, 0.369809
4270, 0.371539
4271, 0.372924
4272, 0.374578
4273, 0.375987
4274, 0.377563
4275, 0.379012
4276, 0.38063
4277, 0.382167
4278, 0.383842
4279, 0.385192
4280, 0.386665
4281, 0.388367
4282, 0.389714
4283, 0.391284
4284, 0.39303
4285, 0.394802
4286, 0.39671
4287, 0.39833
4288, 0.399819
4289, 0.401735
4290, 0.403172
4291, 0.404545
4292, 0.40602
4293, 0.407734
4294, 0.409101
4295, 0.410622
4296, 0.412357
4297, 0.413937
4298, 0.415609
4299, 0.417383
4300, 0.418936
4301, 0.420632
4302, 0.422345
4303, 0.424121
4304, 0.425942
4305, 0.427504
4306, 0.429365
4307, 0.431118
4308, 0.433158
4309, 0.434783
4310, 0.436313
4311, 0.43819
4312, 0.439797
4313, 0.441539
4314, 0.443255
4315, 0.445031
4316, 0.446847
4317, 0.448825
4318, 0.450587
4319, 0.452394
4320, 0.453987
4321, 0.45567
4322, 0.457395
4323, 0.459165
4324, 0.460928
4325, 0.462927
4326, 0.464933
4327, 0.466854
4328, 0.468693
4329, 0.470585
4330, 0.472644
4331, 0.474497
4332, 0.47617
4333, 0.478189
4334, 0.47938
4335, 0.481385
4336, 0.483209
4337, 0.484874
4338, 0.486164
4339, 0.48823
4340, 0.490398
4341, 0.492492
4342, 0.494146
4343, 0.496094
4344, 0.498017
4345, 0.499708
4346, 0.501768
4347, 0.503899
4348, 0.505686
4349, 0.507503
4350, 0.509391
4351, 0.511653
4352, 0.513555
4353, 0.515668
4354, 0.517238
4355, 0.519287
4356, 0.52128
4357, 0.523608
4358, 0.525815
4359, 0.527941
4360, 0.530302
4361, 0.532386
4362, 0.534432
4363, 0.536668
4364, 0.538843
4365, 0.541194
4366, 0.543037
4367, 0.545142
4368, 0.547247
4369, 0.549416
4370, 0.55176
4371, 0.554192
4372, 0.556316
4373, 0.558953
4374, 0.56085
4375, 0.563265
4376, 0.565555
4377, 0.567935
4378, 0.569862
4379, 0.57201
4380, 0.57416
4381, 0.576446
4382, 0.578814
4383, 0.581318
4384, 0.583621
4385, 0.585971
4386, 0.588378
4387, 0.591038
4388, 0.593373
4389, 0.596049
4390, 0.59838
4391, 0.600919
4392, 0.603392
4393, 0.60547
4394, 0.607869
4395, 0.610088
4396, 0.612936
4397, 0.615285
4398, 0.617692
4399, 0.620455
4400, 0.62285
4401, 0.625328
4402, 0.628063
4403, 0.63068
4404, 0.633332
4405, 0.635582
4406, 0.637599
4407, 0.640288
4408, 0.643177
4409, 0.645813
4410, 0.64848
4411, 0.651154
4412, 0.653952
4413, 0.656695
4414, 0.659628
4415, 0.662298
4416, 0.664708
4417, 0.667683
4418, 0.67065
4419, 0.673398
4420, 0.67644
4421, 0.679636
4422, 0.682542
4423, 0.685449
4424, 0.68861
4425, 0.691696
4426, 0.695021
4427, 0.698488
4428, 0.701906
4429, 0.705344
4430, 0.709026
4431, 0.712326
4432, 0.715781
4433, 0.718846
4434, 0.721959
4435, 0.725655
4436, 0.729647
4437, 0.733306
4438, 0.737263
4439, 0.740837
4440, 0.744768
4441, 0.748694
4442, 0.752991
4443, 0.757132
4444, 0.761233
4445, 0.764931
4446, 0.76874
4447, 0.772785
4448, 0.776681
4449, 0.780845
4450, 0.785462
4451, 0.790675
4452, 0.795119
4453, 0.799403
4454, 0.804155
4455, 0.808958
4456, 0.813316
4457, 0.818436
4458, 0.823527
4459, 0.828978
4460, 0.834468
4461, 0.839902
4462, 0.844935
4463, 0.849933
4464, 0.855302
4465, 0.86138
4466, 0.867049
4467, 0.873451
4468, 0.879415
4469, 0.885709
4470, 0.892089
4471, 0.898557
4472, 0.904922
4473, 0.912072
4474, 0.918202
4475, 0.924808
4476, 0.931211
4477, 0.93741
4478, 0.944505
4479, 0.95171
4480, 0.958843
4481, 0.965731
4482, 0.967354
4483, 0.967354
4484, 0.967354
4485, 0.967354
4486, 0.967354
4487, 0.967354
4488, 0.967354
4489, 0.967354
4490, 0.967354
4491, 0.967354
4492, 0.2155
4493, 0.216377
4494, 0.217389
4495, 0.218348
4496, 0.219361
4497, 0.22028
4498, 0.221207
4499, 0.222177
4500, 0.223319
4501, 0.224501
4502, 0.225657
4503, 0.226584
4504, 0.227793
4505, 0.229012
4506, 0.230022
4507, 0.231284
4508, 0.232014
4509, 0.233102
4510, 0.234221
4511, 0.235216
4512, 0.236205
4513, 0.237069
4514, 0.238188
4515, 0.23929
4516, 0.240177
4517, 0.241073
4518, 0.242192
4519, 0.243078
4520, 0.244256
4521, 0.245395
4522, 0.246575
4523, 0.247574
4524, 0.248673
4525, 0.249757
4526, 0.250727
4527, 0.25199
4528, 0.253099
4529, 0.254411
4530, 0.255455
4531, 0.256644
4532, 0.257657
4533, 0.258614
4534, 0.259754
4535, 0.260872
4536, 0.261927
4537, 0.263262
4538, 0.264522
4539, 0.265629
4540, 0.266674
4541, 0.267655
4542, 0.268824
4543, 0.270025
4544, 0.271144
4545, 0.272411
4546, 0.273315
4547, 0.274458
4548, 0.275843
4549, 0.276979
4550, 0.278177
4551, 0.279572
4552, 0.280804
4553, 0.281883
4554, 0.282939
4555, 0.284254
4556, 0.285244
4557, 0.286213
4558, 0.287541
4559, 0.288585
4560, 0.289761
4561, 0.291029
4562, 0.292253
4563, 0.293328
4564, 0.294589
4565, 0.296103
4566, 0.2972
4567, 0.298549
4568, 0.299865
4569, 0.300862
4570, 0.302137
4571, 0.303485
4572, 0.304813
4573, 0.305838
4574, 0.307111
4575, 0.308321
4576, 0.309675
4577, 0.311037
4578, 0.312534
4579, 0.313827
4580, 0.315309
4581, 0.316428
4582, 0.31774
4583, 0.319027
4584, 0.320473
4585, 0.32194
4586, 0.323364
4587, 0.324947
4588, 0.326399
4589, 0.327989
4590, 0.329141
4591, 0.330441
4592, 0.331703
4593, 0.333147
4594, 0.334459
4595, 0.336152
4596, 0.337469
4597, 0.338833
4598, 0.340229
4599, 0.341908
4600, 0.343267
4601, 0.344655
4602, 0.34612
4603, 0.347627
4604, 0.349311
4605, 0.351128
4606, 0.35274
4607, 0.353964
4608, 0.355005
4609, 0.356374
4610, 0.357671
4611, 0.359418
4612, 0.360813
4613, 0.362307
4614, 0.363683
4615, 0.365166
4616, 0.366347
4617, 0.368219
4618, 0.369706
4619, 0.371554
4620, 0.372982
4621, 0.374483
4622, 0.376138
4623, 0.37775
4624, 0.379236
4625, 0.380512
4626, 0.382125
4627, 0.383656
4628, 0.385268
4629, 0.386792
4630, 0.388127
4631, 0.389734
4632, 0.391244
4633, 0.392838
4634, 0.3944
4635, 0.396089
4636, 0.397804
4637, 0.399568
4638, 0.401033
4639, 0.402616
4640, 0.404351
4641, 0.406003
4642, 0.407783
4643, 0.40949
4644, 0.410805
4645, 0.412681
4646, 0.414532
4647, 0.416238
4648, 0.418027
4649, 0.41978
4650, 0.421405
4651, 0.423352
4652, 0.42508
4653, 0.426597
4654, 0.42844
4655, 0.42996
4656, 0.431604
4657, 0.433657
4658, 0.435474
4659, 0.437505
4660, 0.439347
4661, 0.441084
4662, 0.442569
4663, 0.444496
4664, 0.446581
4665, 0.448363
4666, 0.450104
4667, 0.452062
4668, 0.453766
4669, 0.455463
4670, 0.457062
4671, 0.459269
4672, 0.461019
4673, 0.462861
4674, 0.464874
4675, 0.466705
4676, 0.468658
4677, 0.470486
4678, 0.472096
4679, 0.47409
4680, 0.476192
4681, 0.477966
4682, 0.479977
4683, 0.482126
4684, 0.483651
4685, 0.485494
4686, 0.487598
4687, 0.489324
4688, 0.49159
4689, 0.493606
4690, 0.4957
4691, 0.497617
4692, 0.499797
4693, 0.501964
4694, 0.50388
4695, 0.505998
4696, 0.507894
4697, 0.509764
4698, 0.511969
4699, 0.514104
4700, 0.516029
4701, 0.518152
4702, 0.520368
4703, 0.522831
4704, 0.525089
4705, 0.527
4706, 0.528921
4707, 0.530765
4708, 0.532761
4709, 0.534984
4710, 0.53713
4711, 0.5393
4712, 0.541485
4713, 0.543655
4714, 0.545617
4715, 0.547838
4716, 0.550107
4717, 0.552325
4718, 0.555079
4719, 0.557477
4720, 0.559708
4721, 0.56205
4722, 0.564414
4723, 0.567002
4724, 0.569293
4725, 0.571758
4726, 0.574398
4727, 0.576896
4728, 0.579373
4729, 0.581295
4730, 0.584079
4731, 0.586141
4732, 0.5886
4733, 0.591119
4734, 0.593745
4735, 0.596655
4736, 0.599013
4737, 0.601545
4738, 0.603872
4739, 0.605966
4740, 0.608456
4741, 0.611197
4742, 0.614168
4743, 0.617161
4744, 0.619892
4745, 0.622584
4746, 0.625312
4747, 0.628085
4748, 0.630899
4749, 0.633792
4750, 0.636404
4751, 0.639063
4752, 0.641988
4753, 0.644989
4754, 0.647767
4755, 0.650781
4756, 0.653798
4757, 0.656685
4758, 0.659829
4759, 0.662496
4760, 0.665291
4761, 0.668491
4762, 0.67133
4763, 0.67457
4764, 0.677553
4765, 0.681108
4766, 0.684621
4767, 0.687996
4768, 0.691301
4769, 0.694726
4770, 0.69816
4771, 0.701916
4772, 0.705901
4773, 0.709394
4774, 0.712981
4775, 0.716726
4776, 0.720636
4777, 0.724878
4778, 0.728715
4779, 0.732627
4780, 0.736131
4781, 0.739817
4782, 0.743751
4783, 0.747816
4784, 0.752013
4785, 0.755871
4786, 0.760271
4787, 0.763997
4788, 0.768096
4789, 0.772491
4790, 0.777046
4791, 0.781953
4792, 0.786137
4793, 0.790967
4794, 0.796016
4795, 0.801246
4796, 0.80641
4797, 0.811811
4798, 0.816493
4799, 0.821989
4800, 0.827632
4801, 0.833475
4802, 0.839093
4803, 0.844868
4804, 0.850675
4805, 0.856578
4806, 0.862247
4807, 0.86793
4808, 0.87368
4809, 0.880147
4810, 0.88714
4811, 0.894479
4812, 0.90133
4813, 0.907325
4814, 0.913826
4815, 0.920528
4816, 0.927589
4817, 0.935528
4818, 0.943421
4819, 0.951279
4820, 0.958763
4821, 0.96632
4822, 0.968591
4823, 0.968591
4824, 0.968591
4825, 0.968591
4826, 0.968591
4827, 0.968591
4828, 0.968591
4829, 0.968591
4830, 0.968591
4831, 0.968591
4832, 0.968591
4833, 0.217161
4834, 0.218137
4835, 0.219095
4836, 0.220147
4837, 0.22128
4838, 0.222116
4839, 0.22311
4840, 0.224235
4841, 0.225254
4842, 0.226387
4843, 0.227582
4844, 0.228632
4845, 0.229898
4846, 0.231156
4847, 0.232089
4848, 0.233215
4849, 0.234193
4850, 0.235213
4851, 0.236345
4852, 0.237571
4853, 0.23886
4854, 0.240081
4855, 0.241042
4856, 0.242433
4857, 0.243382
4858, 0.244416
4859, 0.245649
4860, 0.246858
4861, 0.247908
4862, 0.24889
4863, 0.250133
4864, 0.251107
4865, 0.252048
4866, 0.25308
4867, 0.254049
4868, 0.254858
4869, 0.256056
4870, 0.257212
4871, 0.258293
4872, 0.259299
4873, 0.260496
4874, 0.261419
4875, 0.262355
4876, 0.263708
4877, 0.264995
4878, 0.265912
4879, 0.267106
4880, 0.268258
4881, 0.269571
4882, 0.270628
4883, 0.271686
4884, 0.272666
4885, 0.274004
4886, 0.275103
4887, 0.276219
4888, 0.277189
4889, 0.278209
4890, 0.279441
4891, 0.280791
4892, 0.281745
4893, 0.282972
4894, 0.284098
4895, 0.285647
4896, 0.286505
4897, 0.287994
4898, 0.289271
4899, 0.290407
4900, 0.291316
4901, 0.29238
4902, 0.293551
4903, 0.294626
4904, 0.295932
4905, 0.297321
4906, 0.298479
4907, 0.299893
4908, 0.301236
4909, 0.302525
4910, 0.303844
4911, 0.305063
4912, 0.306193
4913, 0.30743
4914, 0.308696
4915, 0.309921
4916, 0.311435
4917, 0.312886
4918, 0.314219
4919, 0.315603
4920, 0.317063
4921, 0.318364
4922, 0.31966
4923, 0.321058
4924, 0.32266
4925, 0.323991
4926, 0.325483
4927, 0.32715
4928, 0.328586
4929, 0.329584
4930, 0.33097
4931, 0.332125
4932, 0.333443
4933, 0.334909
4934, 0.336236
4935, 0.33752
4936, 0.338753
4937, 0.339977
4938, 0.341415
4939, 0.342518
4940, 0.344229
4941, 0.345746
4942, 0.347089
4943, 0.348596
4944, 0.349918
4945, 0.351322
4946, 0.353033
4947, 0.354691
4948, 0.356113
4949, 0.357545
4950, 0.35886
4951, 0.360029
4952, 0.361303
4953, 0.362395
4954, 0.363972
4955, 0.365481
4956, 0.367165
4957, 0.368706
4958, 0.37053
4959, 0.372186
4960, 0.373754
4961, 0.375337
4962, 0.37699
4963, 0.378217
4964, 0.379855
4965, 0.381231
4966, 0.382788
4967, 0.384317
4968, 0.386304
4969, 0.387959
4970, 0.389185
4971, 0.39069
4972, 0.392342
4973, 0.393794
4974, 0.395262
4975, 0.396814
4976, 0.398449
4977, 0.400239
4978, 0.401955
4979, 0.403617
4980, 0.405328
4981, 0.406694
4982, 0.408349
4983, 0.410216
4984, 0.412145
4985, 0.414089
4986, 0.415736
4987, 0.417419
4988, 0.419162
4989, 0.420897
4990, 0.422747
4991, 0.42426
4992, 0.426131
4993, 0.427824
4994, 0.429638
4995, 0.431226
4996, 0.433015
4997, 0.434622
4998, 0.436234
4999, 0.438088
5000, 0.439998
5001, 0.441737
5002, 0.443581
5003, 0.44537
5004, 0.4473
5005, 0.449003
5006, 0.45049
5007, 0.452118
5008, 0.454187
5009, 0.456195
5010, 0.457895
5011, 0.460062
5012, 0.462001
5013, 0.463668
5014, 0.465489
5015, 0.46756
5016, 0.469417
5017, 0.471202
5018, 0.473267
5019, 0.475676
5020, 0.477708
5021, 0.479933
5022, 0.481381
5023, 0.483254
5024, 0.485167
5025, 0.487009
5026, 0.489015
5027, 0.490905
5028, 0.492547
5029, 0.494631
5030, 0.496688
5031, 0.498841
5032, 0.500678
5033, 0.502858
5034, 0.504812
5035, 0.506862
5036, 0.509005
5037, 0.511101
5038, 0.513387
5039, 0.515327
5040, 0.51777
5041, 0.520018
5042, 0.522184
5043, 0.524342
5044, 0.526265
5045, 0.528424
5046, 0.530719
5047, 0.532504
5048, 0.53476
5049, 0.536972
5050, 0.539176
5051, 0.541336
5052, 0.543492
5053, 0.545522
5054, 0.547612
5055, 0.549799
5056, 0.551975
5057, 0.554624
5058, 0.557167
5059, 0.559375
5060, 0.561994
5061, 0.563933
5062, 0.56619
5063, 0.568253
5064, 0.570506
5065, 0.572491
5066, 0.574747
5067, 0.577304
5068, 0.579523
5069, 0.582169
5070, 0.584949
5071, 0.587391
5072, 0.590101
5073, 0.592607
5074, 0.595582
5075, 0.59786
5076, 0.600354
5077, 0.602833
5078, 0.605421
5079, 0.608062
5080, 0.610593
5081, 0.613325
5082, 0.615825
5083, 0.618661
5084, 0.620936
5085, 0.623195
5086, 0.625665
5087, 0.628307
5088, 0.631225
5089, 0.633967
5090, 0.636872
5091, 0.639758
5092, 0.642659
5093, 0.645621
5094, 0.648602
5095, 0.651838
5096, 0.654747
5097, 0.657816
5098, 0.660883
5099, 0.663877
5100, 0.667021
5101, 0.669686
5102, 0.672286
5103, 0.675106
5104, 0.678323
5105, 0.682107
5106, 0.685525
5107, 0.689292
5108, 0.693137
5109, 0.696841
5110, 0.7004
5111, 0.70376
5112, 0.707868
5113, 0.711157
5114, 0.715144
5115, 0.718669
5116, 0.721881
5117, 0.726057
5118, 0.730096
5119, 0.734087
5120, 0.737905
5121, 0.742268
5122, 0.746467
5123, 0.750435
5124, 0.754171
5125, 0.758725
5126, 0.76353
5127, 0.768242
5128, 0.773006
5129, 0.777916
5130, 0.783173
5131, 0.788914
5132, 0.794298
5133, 0.799454
5134, 0.805276
5135, 0.81061
5136, 0.816427
5137, 0.821924
5138, 0.827663
5139, 0.83391
5140, 0.840038
5141, 0.846285
5142, 0.852836
5143, 0.859606
5144, 0.866114
5145, 0.872508
5146, 0.87908
5147, 0.886375
5148, 0.892477
5149, 0.899959
5150, 0.906787
5151, 0.914531
5152, 0.923096
5153, 0.9315
5154, 0.939208
5155, 0.947996
5156, 0.956093
5157, 0.964033
5158, 0.964033
5159, 0.964033
5160, 0.964033
5161, 0.964033
5162, 0.964033
5163, 0.964033
5164, 0.964033
5165, 0.964033
5166, 0.964033
5167, 0.964033
5168, 0.216393
5169, 0.21742
5170, 0.218237
5171, 0.219022
5172, 0.22006
5173, 0.220996
5174, 0.221932
5175, 0.222813
5176, 0.223567
5177, 0.224304
5178, 0.225304
5179, 0.226362
5180, 0.227469
5181, 0.228387
5182, 0.229339
5183, 0.230331
5184, 0.231423
5185, 0.232409
5186, 0.23356
5187, 0.234468
5188, 0.235598
5189, 0.236547
5190, 0.237563
5191, 0.238791
5192, 0.23965
5193, 0.240747
5194, 0.24172
5195, 0.242708
5196, 0.24396
5197, 0.24508
5198, 0.245961
5199, 0.247222
5200, 0.248279
5201, 0.249352
5202, 0.250569
5203, 0.251589
5204, 0.252825
5205, 0.253953
5206, 0.255172
5207, 0.256201
5208, 0.257214
5209, 0.258513
5210, 0.259351
5211, 0.260527
5212, 0.261497
5213, 0.262802
5214, 0.263827
5215, 0.264903
5216, 0.265926
5217, 0.267212
5218, 0.268209
5219, 0.269265
5220, 0.270311
5221, 0.27139
5222, 0.272442
5223, 0.273784
5224, 0.274821
5225, 0.276081
5226, 0.277272
5227, 0.278555
5228, 0.27966
5229, 0.280842
5230, 0.282119
5231, 0.283083
5232, 0.28443
5233, 0.285514
5234, 0.286896
5235, 0.287921
5236, 0.289183
5237, 0.290262
5238, 0.291441
5239, 0.292798
5240, 0.294244
5241, 0.29561
5242, 0.296966
5243, 0.298005
5244, 0.2992
5245, 0.300375
5246, 0.301329
5247, 0.302841
5248, 0.304495
5249, 0.305749
5250, 0.306903
5251, 0.307918
5252, 0.309095
5253, 0.310455
5254, 0.311919
5255, 0.31335
5256, 0.314722
5257, 0.316207
5258, 0.317657
5259, 0.318938
5260, 0.320764
5261, 0.322201
5262, 0.323573
5263, 0.324661
5264, 0.325928
5265, 0.327271
5266, 0.328726
5267, 0.329958
5268, 0.331143
5269, 0.332718
5270, 0.333995
5271, 0.335463
5272, 0.336834
5273, 0.338082
5274, 0.339344
5275, 0.340596
5276, 0.341948
5277, 0.343018
5278, 0.344342
5279, 0.345462
5280, 0.346868
5281, 0.348593
5282, 0.350163
5283, 0.351779
5284, 0.353313
5285, 0.354686
5286, 0.356212
5287, 0.357862
5288, 0.35932
5289, 0.360923
5290, 0.362396
5291, 0.364117
5292, 0.365988
5293, 0.367399
5294, 0.36875
5295, 0.370111
5296, 0.371483
5297, 0.372986
5298, 0.37427
5299, 0.37563
5300, 0.377058
5301, 0.37848
5302, 0.379907
5303, 0.381361
5304, 0.382943
5305, 0.384681
5306, 0.386299
5307, 0.38796
5308, 0.389865
5309, 0.391418
5310, 0.393189
5311, 0.394514
5312, 0.396325
5313, 0.397996
5314, 0.399661
5315, 0.401263
5316, 0.40306
5317, 0.404638
5318, 0.406463
5319, 0.40816
5320, 0.409875
5321, 0.411859
5322, 0.413445
5323, 0.415137
5324, 0.416691
5325, 0.418003
5326, 0.419936
5327, 0.42203
5328, 0.423857
5329, 0.425448
5330, 0.427043
5331, 0.429141
5332, 0.431126
5333, 0.432875
5334, 0.434561
5335, 0.436567
5336, 0.438568
5337, 0.440187
5338, 0.441863
5339, 0.443881
5340, 0.445655
5341, 0.447287
5342, 0.449272
5343, 0.451363
5344, 0.453517
5345, 0.455547
5346, 0.457329
5347, 0.459264
5348, 0.461267
5349, 0.463468
5350, 0.465384
5351, 0.467335
5352, 0.46934
5353, 0.470975
5354, 0.472766
5355, 0.474457
5356, 0.476753
5357, 0.479123
5358, 0.481599
5359, 0.483568
5360, 0.485656
5361, 0.48769
5362, 0.489656
5363, 0.491487
5364, 0.493217
5365, 0.495708
5366, 0.49728
5367, 0.499439
5368, 0.501228
5369, 0.503329
5370, 0.505449
5371, 0.507591
5372, 0.509503
5373, 0.511908
5374, 0.514366
5375, 0.516601
5376, 0.518843
5377, 0.521323
5378, 0.523318
5379, 0.52562
5380, 0.527602
5381, 0.529727
5382, 0.531711
5383, 0.534216
5384, 0.536595
5385, 0.538543
5386, 0.540245
5387, 0.542569
5388, 0.545
5389, 0.547157
5390, 0.549441
5391, 0.551814
5392, 0.554131
5393, 0.556833
5394, 0.559402
5395, 0.561861
5396, 0.563906
5397, 0.566472
5398, 0.568991
5399, 0.571228
5400, 0.573702
5401, 0.576069
5402, 0.578367
5403, 0.581294
5404, 0.584033
5405, 0.5864
5406, 0.58869
5407, 0.591118
5408, 0.59378
5409, 0.59643
5410, 0.59945
5411, 0.60221
5412, 0.604749
5413, 0.607775
5414, 0.610517
5415, 0.613105
5416, 0.61592
5417, 0.618441
5418, 0.621209
5419, 0.623459
5420, 0.62604
5421, 0.628991
5422, 0.631729
5423, 0.634381
5424, 0.636929
5425, 0.639951
5426, 0.642359
5427, 0.645392
5428, 0.648434
5429, 0.651596
5430, 0.654574
5431, 0.657946
5432, 0.660826
5433, 0.66405
5434, 0.666795
5435, 0.670352
5436, 0.673359
5437, 0.677067
5438, 0.68041
5439, 0.68365
5440, 0.686873
5441, 0.690153
5442, 0.693937
5443, 0.697609
5444, 0.701243
5445, 0.704527
5446, 0.708163
5447, 0.712179
5448, 0.715992
5449, 0.71979
5450, 0.723773
5451, 0.728153
5452, 0.732252
5453, 0.735972
5454, 0.740132
5455, 0.743812
5456, 0.748262
5457, 0.752668
5458, 0.757333
5459, 0.761587
5460, 0.766251
5461, 0.770697
5462, 0.775281
5463, 0.780404
5464, 0.785085
5465, 0.790259
5466, 0.795168
5467, 0.800289
5468, 0.806115
5469, 0.812041
5470, 0.817518
5471, 0.823483
5472, 0.82952
5473, 0.835666
5474, 0.841271
5475, 0.847667
5476, 0.854302
5477, 0.86073
5478, 0.867175
5479, 0.873767
5480, 0.880374
5481, 0.887258
5482, 0.893834
5483, 0.901166
5484, 0.908889
5485, 0.916783
5486, 0.924234
5487, 0.93202
5488, 0.940275
5489, 0.947969
5490, 0.9563
5491, 0.960258
5492, 0.960258
5493, 0.960258
5494, 0.960258
5495, 0.960258
5496, 0.960258
5497, 0.960258
5498, 0.960258
5499, 0.960258
5500, 0.960258
5501, 0.2149
5502, 0.215738
5503, 0.217003
5504, 0.217916
5505, 0.218707
5506, 0.219784
5507, 0.220809
5508, 0.221634
5509, 0.222636
5510, 0.223652
5511, 0.224501
5512, 0.225363
5513, 0.226117
5514, 0.227175
5515, 0.228104
5516, 0.229044
5517, 0.230042
5518, 0.23101
5519, 0.231962
5520, 0.232955
5521, 0.234085
5522, 0.235337
5523, 0.236532
5524, 0.237373
5525, 0.238477
5526, 0.239316
5527, 0.240443
5528, 0.241715
5529, 0.242981
5530, 0.244133
5531, 0.24533
5532, 0.246473
5533, 0.247454
5534, 0.248805
5535, 0.249959
5536, 0.25109
5537, 0.252312
5538, 0.253124
5539, 0.254228
5540, 0.255472
5541, 0.256764
5542, 0.257843
5543, 0.259095
5544, 0.26014
5545, 0.261508
5546, 0.262532
5547, 0.26393
5548, 0.265276
5549, 0.266565
5550, 0.26794
5551, 0.269098
5552, 0.270071
5553, 0.271289
5554, 0.272321
5555, 0.273465
5556, 0.274508
5557, 0.275734
5558, 0.27681
5559, 0.277972
5560, 0.279021
5561, 0.280126
5562, 0.281125
5563, 0.282102
5564, 0.283289
5565, 0.284547
5566, 0.285947
5567, 0.287141
5568, 0.288144
5569, 0.289504
5570, 0.29076
5571, 0.291927
5572, 0.293258
5573, 0.293976
5574, 0.295277
5575, 0.296412
5576, 0.297596
5577, 0.298543
5578, 0.299962
5579, 0.301237
5580, 0.302394
5581, 0.303614
5582, 0.305056
5583, 0.306227
5584, 0.307497
5585, 0.308599
5586, 0.31026
5587, 0.311641
5588, 0.313042
5589, 0.31452
5590, 0.315761
5591, 0.316911
5592, 0.318062
5593, 0.319546
5594, 0.320971
5595, 0.322156
5596, 0.323379
5597, 0.324183
5598, 0.325569
5599, 0.327021
5600, 0.328124
5601, 0.329556
5602, 0.330838
5603, 0.332184
5604, 0.333128
5605, 0.334352
5606, 0.335588
5607, 0.336673
5608, 0.337859
5609, 0.338962
5610, 0.340563
5611, 0.341902
5612, 0.343223
5613, 0.344503
5614, 0.345976
5615, 0.34741
5616, 0.349144
5617, 0.35025
5618, 0.351744
5619, 0.353293
5620, 0.354587
5621, 0.35599
5622, 0.357772
5623, 0.359334
5624, 0.360803
5625, 0.36256
5626, 0.36383
5627, 0.365754
5628, 0.367152
5629, 0.36898
5630, 0.370386
5631, 0.371559
5632, 0.372644
5633, 0.374407
5634, 0.37595
5635, 0.377682
5636, 0.379211
5637, 0.380535
5638, 0.382099
5639, 0.383573
5640, 0.38504
5641, 0.386376
5642, 0.387924
5643, 0.389581
5644, 0.390964
5645, 0.392688
5646, 0.394434
5647, 0.396201
5648, 0.397787
5649, 0.399056
5650, 0.400331
5651, 0.402171
5652, 0.40375
5653, 0.405153
5654, 0.406614
5655, 0.407982
5656, 0.409706
5657, 0.411647
5658, 0.413113
5659, 0.414851
5660, 0.416392
5661, 0.417931
5662, 0.419327
5663, 0.421027
5664, 0.422979
5665, 0.424664
5666, 0.426208
5667, 0.428147
5668, 0.429782
5669, 0.431397
5670, 0.433029
5671, 0.434774
5672, 0.436528
5673, 0.438389
5674, 0.439856
5675, 0.441578
5676, 0.443097
5677, 0.444821
5678, 0.446721
5679, 0.448333
5680, 0.450046
5681, 0.452173
5682, 0.453843
5683, 0.455727
5684, 0.457581
5685, 0.459281
5686, 0.461103
5687, 0.462858
5688, 0.464625
5689, 0.466325
5690, 0.46841
5691, 0.470208
5692, 0.472321
5693, 0.474211
5694, 0.476061
5695, 0.477813
5696, 0.479757
5697, 0.481392
5698, 0.482969
5699, 0.484632
5700, 0.486712
5701, 0.488618
5702, 0.490125
5703, 0.492123
5704, 0.493992
5705, 0.496285
5706, 0.498149
5707, 0.499759
5708, 0.502
5709, 0.503845
5710, 0.505623
5711, 0.507688
5712, 0.509861
5713, 0.511933
5714, 0.513972
5715, 0.516292
5716, 0.518288
5717, 0.52038
5718, 0.52236
5719, 0.524262
5720, 0.526341
5721, 0.528589
5722, 0.530978
5723, 0.533169
5724, 0.535246
5725, 0.537495
5726, 0.539727
5727, 0.541814
5728, 0.543655
5729, 0.546081
5730, 0.548592
5731, 0.550841
5732, 0.552823
5733, 0.554784
5734, 0.556786
5735, 0.558972
5736, 0.56124
5737, 0.563292
5738, 0.565536
5739, 0.567807
5740, 0.569842
5741, 0.571814
5742, 0.574482
5743, 0.576607
5744, 0.578999
5745, 0.581301
5746, 0.583635
5747, 0.586032
5748, 0.588291
5749, 0.590992
5750, 0.593533
5751, 0.59605
5752, 0.598455
5753, 0.600815
5754, 0.603389
5755, 0.605697
5756, 0.608147
5757, 0.610768
5758, 0.613627
5759, 0.615912
5760, 0.618525
5761, 0.620891
5762, 0.623359
5763, 0.6258
5764, 0.628365
5765, 0.631207
5766, 0.633769
5767, 0.636554
5768, 0.639247
5769, 0.641995
5770, 0.644755
5771, 0.647571
5772, 0.650415
5773, 0.653201
5774, 0.656315
5775, 0.659429
5776, 0.662484
5777, 0.665639
5778, 0.668471
5779, 0.671314
5780, 0.674723
5781, 0.678031
5782, 0.681422
5783, 0.684093
5784, 0.68732
5785, 0.690777
5786, 0.69394
5787, 0.697398
5788, 0.700632
5789, 0.703883
5790, 0.707646
5791, 0.710833
5792, 0.71435
5793, 0.717778
5794, 0.721325
5795, 0.72469
5796, 0.728464
5797, 0.731875
5798, 0.735515
5799, 0.738875
5800, 0.742413
5801, 0.746516
5802, 0.750524
5803, 0.754164
5804, 0.758655
5805, 0.762269
5806, 0.766011
5807, 0.769507
5808, 0.773025
5809, 0.776934
5810, 0.780876
5811, 0.784625
5812, 0.788526
5813, 0.792704
5814, 0.797007
5815, 0.800867
5816, 0.80538
5817, 0.810117
5818, 0.814983
5819, 0.819775
5820, 0.824696
5821, 0.829902
5822, 0.834995
5823, 0.840257
5824, 0.845649
5825, 0.85122
5826, 0.856693
5827, 0.862209
5828, 0.867918
5829, 0.873831
5830, 0.879885
5831, 0.885597
5832, 0.891434
5833, 0.897602
5834, 0.903899
5835, 0.910568
5836, 0.917178
5837, 0.923884
5838, 0.930388
5839, 0.937241
5840, 0.944217
5841, 0.9513
5842, 0.958575
5843, 0.960126
5844, 0.960126
5845, 0.960126
5846, 0.960126
5847, 0.960126
5848, 0.960126
5849, 0.960126
5850, 0.960126
5851, 0.960126
5852, 0.960126
5853, 0.500445
5854, 0.216317
5855, 0.217249
5856, 0.218113
5857, 0.219007
5858, 0.219991
5859, 0.220823
5860, 0.221936
5861, 0.22295
5862, 0.224087
5863, 0.224973
5864, 0.226175
5865, 0.227251
5866, 0.228169
5867, 0.228984
5868, 0.230169
5869, 0.231224
5870, 0.232457
5871, 0.233429
5872, 0.234633
5873, 0.235782
5874, 0.236622
5875, 0.237812
5876, 0.238891
5877, 0.239967
5878, 0.2409
5879, 0.242143
5880, 0.243232
5881, 0.244002
5882, 0.244839
5883, 0.245859
5884, 0.246841
5885, 0.247974
5886, 0.249451
5887, 0.250546
5888, 0.251624
5889, 0.252726
5890, 0.253681
5891, 0.25487
5892, 0.255717
5893, 0.256794
5894, 0.257733
5895, 0.25881
5896, 0.260016
5897, 0.261281
5898, 0.262226
5899, 0.26333
5900, 0.264409
5901, 0.26543
5902, 0.266463
5903, 0.267696
5904, 0.268868
5905, 0.269961
5906, 0.271007
5907, 0.272241
5908, 0.27332
5909, 0.274382
5910, 0.27574
5911, 0.276796
5912, 0.278017
5913, 0.278963
5914, 0.280063
5915, 0.28096
5916, 0.282342
5917, 0.283517
5918, 0.284568
5919, 0.285604
5920, 0.28695
5921, 0.288195
5922, 0.289387
5923, 0.290675
5924, 0.291954
5925, 0.292907
5926, 0.29432
5927, 0.295567
5928, 0.297268
5929, 0.298568
5930, 0.299854
5931, 0.301087
5932, 0.302229
5933, 0.303415
5934, 0.304696
5935, 0.305973
5936, 0.307258
5937, 0.308815
5938, 0.310219
5939, 0.311496
5940, 0.312988
5941, 0.314301
5942, 0.315746
5943, 0.316927
5944, 0.318037
5945, 0.319281
5946, 0.320363
5947, 0.321791
5948, 0.323245
5949, 0.32457
5950, 0.326039
5951, 0.327742
5952, 0.329106
5953, 0.330399
5954, 0.331621
5955, 0.332766
5956, 0.334408
5957, 0.335737
5958, 0.337104
5959, 0.338816
5960, 0.340351
5961, 0.34194
5962, 0.343305
5963, 0.344517
5964, 0.345828
5965, 0.347221
5966, 0.348735
5967, 0.349946
5968, 0.351428
5969, 0.35289
5970, 0.35412
5971, 0.355738
5972, 0.35727
5973, 0.358839
5974, 0.360228
5975, 0.36219
5976, 0.364042
5977, 0.365488
5978, 0.367106
5979, 0.368786
5980, 0.370168
5981, 0.371667
5982, 0.373046
5983, 0.374776
5984, 0.376088
5985, 0.377643
5986, 0.378919
5987, 0.380173
5988, 0.381909
5989, 0.383305
5990, 0.384694
5991, 0.386176
5992, 0.387882
5993, 0.389475
5994, 0.390923
5995, 0.392231
5996, 0.393949
5997, 0.395668
5998, 0.397448
5999, 0.399443
6000, 0.401165
6001, 0.403018
6002, 0.404409
6003, 0.406104
6004, 0.407896
6005, 0.409534
6006, 0.410848
6007, 0.412617
6008, 0.413888
6009, 0.415774
6010, 0.417438
6011, 0.418957
6012, 0.420066
6013, 0.421879
6014, 0.42366
6015, 0.425526
6016, 0.427475
6017, 0.429171
6018, 0.431039
6019, 0.432632
6020, 0.434404
6021, 0.436069
6022, 0.437809
6023, 0.43949
6024, 0.441062
6025, 0.442729
6026, 0.444546
6027, 0.44618
6028, 0.448036
6029, 0.449627
6030, 0.451365
6031, 0.453104
6032, 0.455015
6033, 0.456964
6034, 0.458647
6035, 0.460761
6036, 0.462525
6037, 0.464218
6038, 0.466236
6039, 0.468164
6040, 0.469908
6041, 0.471683
6042, 0.473683
6043, 0.475551
6044, 0.477464
6045, 0.479086
6046, 0.480926
6047, 0.482808
6048, 0.484545
6049, 0.486653
6050, 0.48823
6051, 0.49028
6052, 0.492461
6053, 0.494411
6054, 0.496112
6055, 0.497614
6056, 0.499423
6057, 0.501638
6058, 0.503708
6059, 0.506252
6060, 0.507982
6061, 0.50995
6062, 0.511756
6063, 0.513733
6064, 0.51579
6065, 0.517808
6066, 0.519804
6067, 0.521949
6068, 0.524059
6069, 0.525843
6070, 0.527814
6071, 0.52969
6072, 0.53198
6073, 0.533943
6074, 0.535833
6075, 0.53779
6076, 0.539841
6077, 0.541685
6078, 0.544138
6079, 0.546608
6080, 0.54872
6081, 0.550549
6082, 0.55273
6083, 0.554822
6084, 0.556893
6085, 0.559043
6086, 0.561111
6087, 0.563586
6088, 0.565529
6089, 0.567839
6090, 0.569377
6091, 0.571617
6092, 0.57347
6093, 0.576156
6094, 0.578601
6095, 0.580424
6096, 0.583106
6097, 0.585226
6098, 0.587106
6099, 0.589321
6100, 0.591519
6101, 0.593898
6102, 0.59656
6103, 0.598745
6104, 0.601432
6105, 0.60387
6106, 0.6066
6107, 0.609017
6108, 0.611254
6109, 0.613943
6110, 0.616659
6111, 0.619525
6112, 0.622123
6113, 0.624233
6114, 0.626524
6115, 0.628958
6116, 0.631607
6117, 0.634212
6118, 0.636732
6119, 0.639689
6120, 0.642196
6121, 0.645059
6122, 0.64759
6123, 0.650658
6124, 0.65346
6125, 0.656257
6126, 0.659359
6127, 0.662815
6128, 0.665612
6129, 0.668257
6130, 0.671039
6131, 0.674283
6132, 0.677253
6133, 0.680505
6134, 0.68329
6135, 0.68633
6136, 0.689333
6137, 0.692053
6138, 0.695162
6139, 0.698525
6140, 0.701906
6141, 0.705262
6142, 0.708392
6143, 0.71183
6144, 0.714984
6145, 0.71814
6146, 0.722241
6147, 0.7257
6148, 0.729529
6149, 0.732987
6150, 0.736934
6151, 0.741052
6152, 0.744558
6153, 0.747735
6154, 0.751619
6155, 0.755107
6156, 0.758971
6157, 0.762753
6158, 0.766631
6159, 0.77094
6160, 0.775412
6161, 0.779526
6162, 0.784116
6163, 0.788976
6164, 0.793535
6165, 0.798354
6166, 0.802834
6167, 0.807418
6168, 0.811929
6169, 0.816368
6170, 0.820787
6171, 0.825715
6172, 0.830896
6173, 0.835718
6174, 0.840869
6175, 0.846555
6176, 0.85171
6177, 0.857112
6178, 0.862914
6179, 0.868502
6180, 0.874347
6181, 0.880028
6182, 0.885759
6183, 0.891987
6184, 0.897912
6185, 0.903909
6186, 0.910226
6187, 0.916949
6188, 0.922922
6189, 0.928457
6190, 0.934834
6191, 0.940904
6192, 0.946877
6193, 0.953343
6194, 0.959918
6195, 0.960562
6196, 0.960562
6197, 0.960562
6198, 0.960562
6199, 0.960562
6200, 0.960562
6201, 0.960562
6202, 0.960562
6203, 0.960562
6204, 0.960562
6205, 0.214672
6206, 0.215729
6207, 0.216578
6208, 0.217666
6209, 0.218345
6210, 0.219188
6211, 0.220076
6212, 0.220951
6213, 0.222106
6214, 0.223118
6215, 0.224046
6216, 0.225183
6217, 0.225964
6218, 0.22718
6219, 0.228215
6220, 0.229188
6221, 0.230206
6222, 0.231306
6223, 0.232207
6224, 0.233145
6225, 0.234256
6226, 0.235425
6227, 0.236605
6228, 0.237658
6229, 0.238673
6230, 0.239568
6231, 0.240632
6232, 0.241791
6233, 0.24296
6234, 0.244142
6235, 0.245383
6236, 0.246636
6237, 0.247804
6238, 0.248901
6239, 0.250024
6240, 0.251083
6241, 0.252455
6242, 0.253883
6243, 0.255031
6244, 0.256418
6245, 0.257373
6246, 0.258244
6247, 0.259355
6248, 0.260553
6249, 0.261692
6250, 0.262722
6251, 0.263762
6252, 0.264914
6253, 0.266032
6254, 0.267152
6255, 0.26833
6256, 0.269984
6257, 0.271373
6258, 0.272317
6259, 0.273396
6260, 0.274609
6261, 0.275786
6262, 0.277017
6263, 0.278027
6264, 0.279123
6265, 0.28035
6266, 0.28167
6267, 0.283094
6268, 0.284621
6269, 0.285618
6270, 0.286807
6271, 0.287984
6272, 0.289502
6273, 0.290582
6274, 0.291933
6275, 0.293227
6276, 0.294298
6277, 0.295421
6278, 0.296618
6279, 0.297822
6280, 0.299208
6281, 0.300522
6282, 0.301717
6283, 0.303045
6284, 0.304587
6285, 0.305621
6286, 0.306809
6287, 0.308
6288, 0.30916
6289, 0.310296
6290, 0.311631
6291, 0.312847
6292, 0.314246
6293, 0.315373
6294, 0.316698
6295, 0.318059
6296, 0.319458
6297, 0.321044
6298, 0.322491
6299, 0.324119
6300, 0.325193
6301, 0.326567
6302, 0.327931
6303, 0.329309
6304, 0.33041
6305, 0.331736
6306, 0.333255
6307, 0.334507
6308, 0.335494
6309, 0.336912
6310, 0.338399
6311, 0.339509
6312, 0.340934
6313, 0.342491
6314, 0.344111
6315, 0.345222
6316, 0.346456
6317, 0.347803
6318, 0.349642
6319, 0.351021
6320, 0.352562
6321, 0.354096
6322, 0.355528
6323, 0.357141
6324, 0.358728
6325, 0.360053
6326, 0.361713
6327, 0.363234
6328, 0.364908
6329, 0.366357
6330, 0.367845
6331, 0.369355
6332, 0.370688
6333, 0.372231
6334, 0.373899
6335, 0.375192
6336, 0.37684
6337, 0.3783
6338, 0.380118
6339, 0.382083
6340, 0.383722
6341, 0.385509
6342, 0.386863
6343, 0.388255
6344, 0.390002
6345, 0.391676
6346, 0.393362
6347, 0.395092
6348, 0.396766
6349, 0.398583
6350, 0.400369
6351, 0.402034
6352, 0.403631
6353, 0.405367
6354, 0.407035
6355, 0.409012
6356, 0.410542
6357, 0.412261
6358, 0.414196
6359, 0.415888
6360, 0.417546
6361, 0.419179
6362, 0.421031
6363, 0.422788
6364, 0.424605
6365, 0.426516
6366, 0.428013
6367, 0.429633
6368, 0.43139
6369, 0.433201
6370, 0.435008
6371, 0.436603
6372, 0.438381
6373, 0.440273
6374, 0.442112
6375, 0.444295
6376, 0.446187
6377, 0.448113
6378, 0.44981
6379, 0.451721
6380, 0.453535
6381, 0.455423
6382, 0.457088
6383, 0.458547
6384, 0.460463
6385, 0.462156
6386, 0.464136
6387, 0.466376
6388, 0.468128
6389, 0.469716
6390, 0.471651
6391, 0.473168
6392, 0.475209
6393, 0.477292
6394, 0.479159
6395, 0.480905
6396, 0.483117
6397, 0.485283
6398, 0.487294
6399, 0.489518
6400, 0.491443
6401, 0.492989
6402, 0.495106
6403, 0.497254
6404, 0.49945
6405, 0.501495
6406, 0.503729
6407, 0.505958
6408, 0.508466
6409, 0.510364
6410, 0.512228
6411, 0.514133
6412, 0.516315
6413, 0.518175
6414, 0.520469
6415, 0.522559
6416, 0.524882
6417, 0.527045
6418, 0.529067
6419, 0.530838
6420, 0.532729
6421, 0.534831
6422, 0.537214
6423, 0.539469
6424, 0.541626
6425, 0.543877
6426, 0.546154
6427, 0.548333
6428, 0.550418
6429, 0.552767
6430, 0.555411
6431, 0.55774
6432, 0.560363
6433, 0.562034
6434, 0.563696
6435, 0.566048
6436, 0.568196
6437, 0.570222
6438, 0.572627
6439, 0.574721
6440, 0.577118
6441, 0.579513
6442, 0.581631
6443, 0.584063
6444, 0.586529
6445, 0.589001
6446, 0.591644
6447, 0.593974
6448, 0.596544
6449, 0.598854
6450, 0.601398
6451, 0.603846
6452, 0.606455
6453, 0.609477
6454, 0.612108
6455, 0.614994
6456, 0.617769
6457, 0.620168
6458, 0.623088
6459, 0.626038
6460, 0.628468
6461, 0.631602
6462, 0.634375
6463, 0.637443
6464, 0.640441
6465, 0.643461
6466, 0.646666
6467, 0.649631
6468, 0.652842
6469, 0.655831
6470, 0.659345
6471, 0.662682
6472, 0.665818
6473, 0.668791
6474, 0.672195
6475, 0.675539
6476, 0.679177
6477, 0.68294
6478, 0.686077
6479, 0.689613
6480, 0.692785
6481, 0.696305
6482, 0.699888
6483, 0.703286
6484, 0.707325
6485, 0.711186
6486, 0.714885
6487, 0.71885
6488, 0.722363
6489, 0.726252
6490, 0.730446
6491, 0.734492
6492, 0.738736
6493, 0.742834
6494, 0.747033
6495, 0.751379
6496, 0.755945
6497, 0.760474
6498, 0.764983
6499, 0.769338
6500, 0.773489
6501, 0.778175
6502, 0.783188
6503, 0.787912
6504, 0.792968
6505, 0.798207
6506, 0.802661
6507, 0.807187
6508, 0.812345
6509, 0.817867
6510, 0.823055
6511, 0.828988
6512, 0.83486
6513, 0.840255
6514, 0.846449
6515, 0.85292
6516, 0.858931
6517, 0.86552
6518, 0.871648
6519, 0.877739
6520, 0.884532
6521, 0.890779
6522, 0.896862
6523, 0.903585
6524, 0.909568
6525, 0.915457
6526, 0.922165
6527, 0.929324
6528, 0.936399
6529, 0.943875
6530, 0.950257
6531, 0.957544
6532, 0.96407
6533, 0.96407
6534, 0.96407
6535, 0.96407
6536, 0.96407
6537, 0.96407
6538, 0.96407
6539, 0.96407
6540, 0.96407
6541, 0.96407
6542, 0.96407
6543, 0.96407
